observable,quantity,draw_index,native_value,reporting_scale_value
A,q1,0,26923.752531840546,3.7780371609486485
A,q1,1,24278.792177253781,2.6199033155812668
A,q1,2,25317.259685211273,3.0746112155292771
A,q1,3,24933.663999736404,2.9066483402011305
A,q1,4,26128.004987692249,3.4296076800878286
A,q1,5,27415.67310728952,3.9934316437703257
A,q1,6,25411.020447537998,3.1156657107430594
A,q1,7,25149.209070953031,3.0010278426179444
A,q1,8,26039.078794088455,3.3906700701634871
A,q1,9,24973.872263852067,2.9242541056165048
A,q1,10,24559.833259335443,2.7429611861966077
A,q1,11,27383.867834617919,3.9795052487382629
A,q1,12,27511.8885752975,4.0355609670906798
A,q1,13,24438.668093090881,2.6899072794852854
A,q1,14,27646.420182185775,4.0944675616408706
A,q1,15,25812.984261533857,3.2916713347193385
A,q1,16,26482.25487477897,3.5847210764913835
A,q1,17,25398.749313607623,3.1102926186658348
A,q1,18,24621.568617382774,2.7699928985950564
A,q1,19,26027.953342888737,3.3857986317099646
A,q1,20,25434.921990072788,3.1261313441193876
A,q1,21,22224.663633354809,1.7204736567211081
A,q1,22,25300.794103420842,3.067401524267896
A,q1,23,25626.393363013187,3.2099698322981194
A,q1,24,24782.796437352521,2.8405888131228321
A,q1,25,24587.624816154253,2.7551301181473264
A,q1,26,26316.355441180716,3.5120796289005995
A,q1,27,25933.625711024906,3.3444959245350119
A,q1,28,22690.50242084797,1.9244478544232217
A,q1,29,27250.776611197321,3.9212293467583157
A,q1,30,25366.364428086883,3.0961124318305671
A,q1,31,26810.258994756245,3.7283423871499228
A,q1,32,27394.351442865074,3.9840956470448194
A,q1,33,25376.615605391686,3.1006010569137241
A,q1,34,25313.457888057968,3.0729465440914505
A,q1,35,25665.338782793555,3.2270226431999793
A,q1,36,27261.31457873372,3.9258435470597006
A,q1,37,25869.795808308245,3.3165470856972279
A,q1,38,27696.957004167707,4.1165958343286198
A,q1,39,26549.607040255571,3.6142121886216532
A,q1,40,25646.074156731138,3.2185873502389559
A,q1,41,24913.064542029257,2.8976285720501678
A,q1,42,26687.735790360846,3.6746938439469581
A,q1,43,25396.133169793811,3.1091471025563515
A,q1,44,26839.561895698047,3.7411730828120704
A,q1,45,26652.095713150349,3.6590883247196455
A,q1,46,27123.847064651727,3.8656514234156596
A,q1,47,24585.481125037462,2.754191472230739
A,q1,48,24864.923716768659,2.8765494209084386
A,q1,49,27156.644671342452,3.8800123261375874
A,q1,50,26480.587602074225,3.5839910372129222
A,q1,51,27532.823076856163,4.0447274389997725
A,q1,52,27142.441995864592,3.8737934808769565
A,q1,53,26411.929260787139,3.5539279972609368
A,q1,54,24412.677915687746,2.6785271073607864
A,q1,55,26717.185333313377,3.6875887489177566
A,q1,56,25138.528692127453,2.9963512854900474
A,q1,57,26814.099321480924,3.7300239293134592
A,q1,58,25959.289242056399,3.3557330698584438
A,q1,59,23918.723655828977,2.4622421466377316
A,q1,60,25730.351577535515,3.2554894282850628
A,q1,61,24455.918597362732,2.6974606603184763
A,q1,62,27495.82494815933,4.028527277441678
A,q1,63,25821.997284545701,3.2956178161783103
A,q2,0,21606.443673617185,2.1393529830671096
A,q2,1,24209.479077305063,3.2791293870773215
A,q2,2,23577.554585045327,3.0024321802804588
A,q2,3,23062.57236514629,2.7769398255110493
A,q2,4,24837.570190012004,3.5541480936295469
A,q2,5,22652.08639113458,2.5972026514822799
A,q2,6,23191.124738842456,2.8332283270084964
A,q2,7,23966.518742360713,3.1727457180393754
A,q2,8,22456.524374340683,2.5115730161932084
A,q2,9,23213.742564734246,2.8431318666318721
A,q2,10,22738.950785652534,2.6352374730909025
A,q2,11,23304.154191929872,2.8827198949697683
A,q2,12,23039.881154714814,2.7670041534139331
A,q2,13,26159.114946488171,4.1328054288855096
A,q2,14,21572.870809020678,2.1246526225464981
A,q2,15,24137.5347415498,3.2476275272947532
A,q2,16,23571.860720739427,2.9999390400894699
A,q2,17,26302.202841031896,4.1954585167649077
A,q2,18,23032.631968874666,2.7638299933709387
A,q2,19,24690.355269542855,3.4896879282275495
A,q2,20,23665.564529932428,3.0409685975563971
A,q2,21,24160.545777407038,3.2577032395439049
A,q2,22,25733.01119873851,3.9462297885168405
A,q2,23,24780.70420701478,3.529248506970351
A,q2,24,21078.880220085117,1.9083517546158624
A,q2,25,22903.394179317569,2.7072413727033426
A,q2,26,23712.889995958147,3.061690731957059
A,q2,27,23441.750430759384,2.9429683825916588
A,q2,28,24002.31237425244,3.1884184733873124
A,q2,29,24699.176275396727,3.4935503322185344
A,q2,30,21533.553127415944,2.1074368114630326
A,q2,31,23847.060051399756,3.1204390160182101
A,q2,32,23004.831432718085,2.7516571296883274
A,q2,33,24171.936156432512,3.2626906804475415
A,q2,34,21918.097616707935,2.2758151341574573
A,q2,35,22605.615922990495,2.5768548901729651
A,q2,36,23878.194554583144,3.1340717050045872
A,q2,37,22416.204081886692,2.4939181975623357
A,q2,38,23329.036907572357,2.8936151490707385
A,q2,39,24655.176990228247,3.474284613835565
A,q2,40,21213.870829948486,1.967459330205205
A,q2,41,23682.721094738023,3.0484808456462944
A,q2,42,23961.972104273424,3.170754907310438
A,q2,43,24339.686466861665,3.3361425610180695
A,q2,44,24193.5738516618,3.2721650557958628
A,q2,45,23148.493015426175,2.814561415162685
A,q2,46,22275.488474597249,2.4323038496985885
A,q2,47,23748.526422224422,3.0772946525660547
A,q2,48,21807.51369598318,2.2273943776335767
A,q2,49,21957.518967501659,2.2930763382829324
A,q2,50,25676.945855006823,3.9216807732489096
A,q2,51,21685.789896958042,2.1740958655431246
A,q2,52,21192.585930988542,1.9581394317659
A,q2,53,22821.89029531175,2.6715537275436163
A,q2,54,22323.811750866153,2.4534628896324024
A,q2,55,25336.573858722149,3.772644010475152
A,q2,56,23319.257865849024,2.889333255326882
A,q2,57,23749.755189929936,3.0778326861382332
A,q2,58,22610.129719111217,2.5788313205755724
A,q2,59,24180.100247586572,3.2662654449107533
A,q2,60,23172.828924449394,2.8252172421389554
A,q2,61,23676.916384461518,3.0459391699564811
A,q2,62,21666.865090743744,2.1658093675788774
A,q2,63,23295.015124007485,2.8787182229380215
A,delta_21,0,-5317.3088582233613,-1.6386841778815389
A,delta_21,1,-69.313099948718445,0.65922607149605494
A,delta_21,2,-1739.7051001659456,-0.072179035248818135
A,delta_21,3,-1871.0916345901132,-0.12970851469008121
A,delta_21,4,-1290.4347976802455,0.12454041354171851
A,delta_21,5,-4763.5867161549395,-1.396228992288046
A,delta_21,6,-2219.8957086955415,-0.28243738373456329
A,delta_21,7,-1182.6903285923181,0.17171787542143116
A,delta_21,8,-3582.554419747772,-0.87909705397027871
A,delta_21,9,-1760.1296991178206,-0.081122238984632611
A,delta_21,10,-1820.8824736829083,-0.10772371310570518
A,delta_21,11,-4079.7136426880461,-1.0967853537684946
A,delta_21,12,-4472.0074205826859,-1.2685568136767467
A,delta_21,13,1720.4468533972904,1.4428981494002246
A,delta_21,14,-6073.5493731650968,-1.9698149390943722
A,delta_21,15,-1675.4495199840567,-0.044043807424584969
A,delta_21,16,-2910.3941540395426,-0.58478203640191362
A,delta_21,17,903.45352742427349,1.0851658980990724
A,delta_21,18,-1588.9366485081082,-0.0061629052241177545
A,delta_21,19,-1337.5980733458819,0.10388929651758487
A,delta_21,20,-1769.3574601403598,-0.085162746562990721
A,delta_21,21,1935.8821440522297,1.5372295828227969
A,delta_21,22,432.21709531766828,0.87882826424894467
A,delta_21,23,-845.68915599840693,0.31927867467223148
A,delta_21,24,-3703.9162172674041,-0.93223705850696992
A,delta_21,25,-1684.2306368366844,-0.04788874544398411
A,delta_21,26,-2603.4654452225695,-0.45038889694354067
A,delta_21,27,-2491.8752802655217,-0.40152754194335299
A,delta_21,28,1311.8099534044704,1.2639706189640907
A,delta_21,29,-2551.6003358005946,-0.42767901453978102
A,delta_21,30,-3832.8113006709391,-0.98867562036753431
A,delta_21,31,-2963.1989433564886,-0.60790337113171278
A,delta_21,32,-4389.5200101469891,-1.232438517356492
A,delta_21,33,-1204.6794489591739,0.16208962353381767
A,delta_21,34,-3395.3602713500331,-0.79713140993399345
A,delta_21,35,-3059.7228598030597,-0.65016775302701435
A,delta_21,36,-3383.1200241505758,-0.7917718420551132
A,delta_21,37,-3453.5917264215532,-0.8226288881348921
A,delta_21,38,-4367.9200965953496,-1.2229806852578813
A,delta_21,39,-1894.4300500273239,-0.13992757478608825
A,delta_21,40,-4432.2033267826519,-1.2511280200337511
A,delta_21,41,-1230.343447291234,0.1508522735961266
A,delta_21,42,-2725.7636860874227,-0.50393893663652023
A,delta_21,43,-1056.4467029321459,0.2269954584617177
A,delta_21,44,-2645.9880440362467,-0.4690080270162077
A,delta_21,45,-3503.6026977241745,-0.84452690955696053
A,delta_21,46,-4848.3585900544786,-1.4333475737170711
A,delta_21,47,-836.95470281304006,0.32310318033531565
A,delta_21,48,-3057.410020785479,-0.64915504327486195
A,delta_21,49,-5199.125703840793,-1.5869359878546547
A,delta_21,50,-803.64174706740232,0.33768973603598762
A,delta_21,51,-5847.0331798981206,-1.8706315734566479
A,delta_21,52,-5949.8560648760504,-1.9156540491110563
A,delta_21,53,-3590.038965475389,-0.88237426971732047
A,delta_21,54,-2088.866164821593,-0.2250642177283837
A,delta_21,55,-1380.6114745912273,0.08505526155739547
A,delta_21,56,-1819.270826278429,-0.10701803016316536
A,delta_21,57,-3064.3441315509881,-0.6521912431752257
A,delta_21,58,-3349.1595229451814,-0.77690174928287126
A,delta_21,59,261.37659175759472,0.80402329827302177
A,delta_21,60,-2557.5226530861219,-0.4302721861461074
A,delta_21,61,-779.00221290121408,0.34847850963800514
A,delta_21,62,-5828.9598574155862,-1.8627179098628008
A,delta_21,63,-2526.9821605382167,-0.41689959324028847
A,ratio_21,0,0.80250491264414159,-0.93019290808314847
A,ratio_21,1,0.99714511745713375,0.62358012296181009
A,ratio_21,2,0.93128383080171306,0.13466150236660451
A,ratio_21,3,0.92495721308308743,0.085888445985454101
A,ratio_21,4,0.9506110474837971,0.28163204343145581
A,ratio_21,5,0.82624585953031537,-0.72159246336238925
A,ratio_21,6,0.91264043436277587,-0.010028266401908695
A,ratio_21,7,0.95297306069325627,0.29938830534221961
A,ratio_21,8,0.86241623799068101,-0.41503083368420862
A,ratio_21,9,0.92952115392751944,0.12110608032149837
A,ratio_21,10,0.92585933078390215,0.092863393337398528
A,ratio_21,11,0.85101762587640795,-0.51022977177289652
A,ratio_21,12,0.83745181984351191,-0.62520461073582378
A,ratio_21,13,1.0703985522796835,1.1307999152381034
A,ratio_21,14,0.78031335221192055,-1.1308369716135378
A,ratio_21,15,0.93509276172764,0.16386571411839085
A,ratio_21,16,0.89010021360336167,-0.18896051304949607
A,ratio_21,17,1.0355707880049132,0.89412391728877361
A,ratio_21,18,0.9354656612988369,0.16671845076143182
A,ratio_21,19,0.9486091720034785,0.26654851439174476
A,ratio_21,20,0.93043589986904862,0.12814390879142654
A,ratio_21,21,1.0871051268081671,1.2416116148153886
A,ratio_21,22,1.0170831434598817,0.76523408489860367
A,ratio_21,23,0.96699929076953151,0.40393126184543898
A,ratio_21,24,0.85054486378765237,-0.5142056751241898
A,ratio_21,25,0.93150088105581752,0.13632889816788973
A,ratio_21,26,0.90107044073631182,-0.10131591524274973
A,ratio_21,27,0.90391334755763919,-0.078777117463892113
A,ratio_21,28,1.0578131735064262,1.0461751280451987
A,ratio_21,29,0.90636595895207828,-0.059389497938381372
A,ratio_21,30,0.8489018277910152,-0.5280407252011331
A,ratio_21,31,0.88947518396088399,-0.19398654572019633
A,ratio_21,32,0.83976550715931442,-0.60546417800012486
A,ratio_21,33,0.95252797032937597,0.29604573866157941
A,ratio_21,34,0.86586738617990833,-0.38645557055776431
A,ratio_21,35,0.8807838507140866,-0.2642442799730601
A,ratio_21,36,0.87590033435916126,-0.3040257787955557
A,ratio_21,37,0.86650100557375054,-0.38122162383155028
A,ratio_21,38,0.84229602927360991,-0.5839358821719951
A,ratio_21,39,0.92864564634968372,0.11436365238812629
A,ratio_21,40,0.82717809752494365,-0.71352413272413762
A,ratio_21,41,0.95061452816390379,0.28165824163615433
A,ratio_21,42,0.89786455818136801,-0.12681788137968014
A,ratio_21,43,0.95840127723898205,0.34002830064755002
A,ratio_21,44,0.90141463358012719,-0.098583345641883341
A,ratio_21,45,0.86854306935437464,-0.36437937577801272
A,ratio_21,46,0.82125107185208457,-0.76497698526243585
A,ratio_21,47,0.96595735920088632,0.3962176426966062
A,ratio_21,48,0.87703923584838539,-0.29472840385970356
A,ratio_21,49,0.80855051252604615,-0.87649318755290928
A,ratio_21,50,0.96965166486696641,0.42352984893008666
A,ratio_21,51,0.78763408446796424,-1.0640230062147538
A,ratio_21,52,0.78079142378631339,-1.1264546731666754
A,ratio_21,53,0.86407509538481941,-0.40128136703620998
A,ratio_21,54,0.91443518928829703,0.0040286427515852053
A,ratio_21,55,0.948324965471952,0.26440452380887053
A,ratio_21,56,0.92763017881598764,0.10653540313398838
A,ratio_21,57,0.88571892365983274,-0.22426624437749804
A,ratio_21,58,0.87098415939989449,-0.34429797879798385
A,ratio_21,59,1.0109276981296573,0.72179990681272044
A,ratio_21,60,0.90060288739625982,-0.10502952438411815
A,ratio_21,61,0.96814667951236888,0.41241599080512203
A,ratio_21,62,0.78800563836853355,-1.0606485330424633
A,ratio_21,63,0.90213839260022699,-0.092840777397250579
y_c_um,q1,0,-1.3487382206518161,-2.0749818779258709
y_c_um,q1,1,-0.20010026414711718,-0.30784656022633411
y_c_um,q1,2,-0.59751965623752545,-0.91926100959619295
y_c_um,q1,3,-1.5427388797755905,-2.3734444304239855
y_c_um,q1,4,0.17379570182175702,0.26737800280270307
y_c_um,q1,5,-0.1058452822606526,-0.16283889578561936
y_c_um,q1,6,-1.0525227020036561,-1.61926569539024
y_c_um,q1,7,-0.37514102513151154,-0.57714003866386387
y_c_um,q1,8,-0.15129660323516506,-0.232764004977177
y_c_um,q1,9,-1.4060208074274041,-2.1631089345036987
y_c_um,q1,10,-1.2048928551815581,-1.8536813156639353
y_c_um,q1,11,-0.74319589631327598,-1.1433783020204245
y_c_um,q1,12,-0.60488141137857909,-0.93058678673627548
y_c_um,q1,13,-0.31863215373443982,-0.49020331343759971
y_c_um,q1,14,-0.57194834611978795,-0.87992053249198143
y_c_um,q1,15,-2.0501524322722933,-3.1540806650342974
y_c_um,q1,16,-1.374477154984314,-2.1145802384374059
y_c_um,q1,17,-1.5504422827038276,-2.3852958195443499
y_c_um,q1,18,-0.010897365711151309,-0.016765178017155859
y_c_um,q1,19,-0.5273814031690327,-0.81135600487543491
y_c_um,q1,20,-0.25347219981270352,-0.38995723048108233
y_c_um,q1,21,0.80673025217521133,1.2411234648849405
y_c_um,q1,22,-0.72944351065632895,-1.1222207856251214
y_c_um,q1,23,-0.3719313094250965,-0.5722020145001484
y_c_um,q1,24,0.57376432703448565,0.88271434928382408
y_c_um,q1,25,-0.94980478410212521,-1.4612381293878849
y_c_um,q1,26,-0.71506452375609142,-1.1000992673170638
y_c_um,q1,27,-0.65251904896027202,-1.0038754599388799
y_c_um,q1,28,-1.0347557145516926,-1.5919318685410655
y_c_um,q1,29,-0.80107933743554838,-1.2324297499008436
y_c_um,q1,30,-1.6879728004262304,-2.5968812314249696
y_c_um,q1,31,-1.2880643819206148,-1.9816375106470996
y_c_um,q1,32,-1.4659656278782673,-2.2553317351973341
y_c_um,q1,33,-0.30633449562883158,-0.47128383942897167
y_c_um,q1,34,-1.5239992335094901,-2.3446142053992154
y_c_um,q1,35,-1.7803203751362013,-2.7389544232864633
y_c_um,q1,36,-0.82858336032226765,-1.2747436312650271
y_c_um,q1,37,-1.2050881767505595,-1.8539818103854759
y_c_um,q1,38,-0.99354604005738478,-1.5285323693190536
y_c_um,q1,39,-0.44892738064233989,-0.69065750868052289
y_c_um,q1,40,-2.2287116435104206,-3.4287871438621855
y_c_um,q1,41,-0.39224060417678436,-0.60344708334889896
y_c_um,q1,42,-0.86470570695168059,-1.3303164722333547
y_c_um,q1,43,-0.56346123858857133,-0.86686344398241744
y_c_um,q1,44,-0.94672258304154089,-1.4564962816023705
y_c_um,q1,45,0.10437789063802735,0.16058137021234978
y_c_um,q1,46,-0.52846866285648275,-0.81302871208689653
y_c_um,q1,47,-0.14639950660806184,-0.22523001016624897
y_c_um,q1,48,-0.9667765156487208,-1.4873484856134165
y_c_um,q1,49,-0.54620640668782772,-0.84031754875050413
y_c_um,q1,50,0.56506974457252279,0.86933806857311191
y_c_um,q1,51,-2.1689044177088972,-3.3367760272444573
y_c_um,q1,52,-1.5439711142627175,-2.375340175788796
y_c_um,q1,53,0.20382203816358654,0.31357236640551772
y_c_um,q1,54,0.11670707036198247,0.17954933901843456
y_c_um,q1,55,0.35139450842352571,0.54060693603619336
y_c_um,q1,56,-0.74138195462675083,-1.1405876225026936
y_c_um,q1,57,-3.1522839494249739,-4.8496676144999595
y_c_um,q1,58,-1.3158862507582767,-2.0244403857819639
y_c_um,q1,59,0.21830286300484456,0.33585055846899159
y_c_um,q1,60,-0.78078076748611669,-1.2012011807478717
y_c_um,q1,61,-0.61261956685282548,-0.94249164131203922
y_c_um,q1,62,-0.99823553497758799,-1.535746976888597
y_c_um,q1,63,-0.88827743650773516,-1.3665806715503617
y_c_um,q2,0,-1.3652154749646828,-2.1003314999456659
y_c_um,q2,1,-1.1284459796826765,-1.7360707379733484
y_c_um,q2,2,1.6996733436377329,2.6148820671349737
y_c_um,q2,3,0.33392990976721415,0.51373832271879094
y_c_um,q2,4,-0.0051765088107539109,-0.0079638597088521699
y_c_um,q2,5,-0.38274146129467107,-0.58883301737641702
y_c_um,q2,6,0.025230185115016509,0.038815669407717704
y_c_um,q2,7,-0.95030424731560381,-1.4620065343316981
y_c_um,q2,8,-1.952235380403073,-3.0034390467739582
y_c_um,q2,9,-0.84094019618081717,-1.2937541479704879
y_c_um,q2,10,-0.49467440207082591,-0.76103754164742443
y_c_um,q2,11,-0.82173831347760384,-1.2642127899655444
y_c_um,q2,12,-0.20366051145290007,-0.31332386377369242
y_c_um,q2,13,-1.277527104137145,-1.965426314057146
y_c_um,q2,14,-1.58645283860736,-2.4406966747805536
y_c_um,q2,15,-0.76551939185011653,-1.1777221413078716
y_c_um,q2,16,1.1625719158538022,1.7885721782366186
y_c_um,q2,17,0.91564722015203381,1.4086880310031289
y_c_um,q2,18,0.72649010049014995,1.1176770776771536
y_c_um,q2,19,-0.16165219832387401,-0.24869568972903694
y_c_um,q2,20,0.71961980172883444,1.1071073872751298
y_c_um,q2,21,-1.3407691251245391,-2.0627217309608294
y_c_um,q2,22,-0.54792148430986243,-0.84295612970748068
y_c_um,q2,23,-0.78345717803230652,-1.2053187354343178
y_c_um,q2,24,-1.9965287631191726,-3.0715827124910349
y_c_um,q2,25,-0.10629823406825917,-0.16353574472039872
y_c_um,q2,26,-0.49840419703389904,-0.76677568774446003
y_c_um,q2,27,-1.6329523595502518,-2.5122343993080793
y_c_um,q2,28,-0.45910054710501413,-0.70630853400771398
y_c_um,q2,29,-1.0481997624437565,-1.6126150191442405
y_c_um,q2,30,-0.73791546092390636,-1.1352545552675481
y_c_um,q2,31,-0.49281317491904514,-0.75817411526006939
y_c_um,q2,32,-0.20572006412264304,-0.31649240634252773
y_c_um,q2,33,-0.61156578873858691,-0.94087044421321064
y_c_um,q2,34,-1.3086625892939794,-2.0133270604522759
y_c_um,q2,35,-0.063779538696482355,-0.098122367225357471
y_c_um,q2,36,0.20328139027479011,0.31274060042275403
y_c_um,q2,37,-0.084908306288771315,-0.13062816352118664
y_c_um,q2,38,-1.2726309205870894,-1.9578937239801375
y_c_um,q2,39,-1.2011664803827913,-1.8479484313581405
y_c_um,q2,40,-0.70200961944248308,-1.0800147991422817
y_c_um,q2,41,-2.0713129183077101,-3.1866352589349387
y_c_um,q2,42,-0.20647975976009442,-0.31766116886168372
y_c_um,q2,43,0.4997767605885991,0.76888732398246018
y_c_um,q2,44,-0.44440686326793388,-0.68370286656605206
y_c_um,q2,45,-2.1253569277457887,-3.269779888839675
y_c_um,q2,46,-0.34524763014301485,-0.53115020022002279
y_c_um,q2,47,-0.85286661296730182,-1.3121024814881566
y_c_um,q2,48,0.11484103650394617,0.17667851769837872
y_c_um,q2,49,-1.219015354200067,-1.8754082372308722
y_c_um,q2,50,0.38787440151033103,0.59672984847743238
y_c_um,q2,51,-0.34141780283370654,-0.52525815820570232
y_c_um,q2,52,-0.62147965376139624,-0.9561225442483019
y_c_um,q2,53,-0.51661168823641379,-0.79478721267140584
y_c_um,q2,54,1.4954536129382436,2.3006978660588362
y_c_um,q2,55,-1.1127191096245501,-1.7118755532685386
y_c_um,q2,56,-0.1216199030395617,-0.18710754313778724
y_c_um,q2,57,-0.66362882530446521,-1.020967423545331
y_c_um,q2,58,-0.69806208873501607,-1.0739416749769477
y_c_um,q2,59,-1.0238619176785293,-1.5751721810438912
y_c_um,q2,60,-2.071318563435617,-3.1866439437471032
y_c_um,q2,61,0.64445890119750626,0.99147523261154802
y_c_um,q2,62,-2.0019559927939832,-3.079932296606128
y_c_um,q2,63,0.42363838523671821,0.65175136190264338
y_c_um,delta_21,0,-0.016477254312866618,-0.025349622019794796
y_c_um,delta_21,1,-0.92834571553555922,-1.4282241777470142
y_c_um,delta_21,2,2.2971929998752585,3.5341430767311666
y_c_um,delta_21,3,1.8766687895428047,2.8871827531427763
y_c_um,delta_21,4,-0.17897221063251093,-0.27534186251155524
y_c_um,delta_21,5,-0.27689617903401847,-0.42599412159079764
y_c_um,delta_21,6,1.0777528871186726,1.6580813647979578
y_c_um,delta_21,7,-0.57516322218409233,-0.88486649566783426
y_c_um,delta_21,8,-1.800938777167908,-2.7706750417967814
y_c_um,delta_21,9,0.56508061124658693,0.86935478653321063
y_c_um,delta_21,10,0.71021845311073217,1.0926437740165109
y_c_um,delta_21,11,-0.07854241716432786,-0.12083448794511978
y_c_um,delta_21,12,0.401220899925679,0.617262922962583
y_c_um,delta_21,13,-0.95889495040270512,-1.4752230006195464
y_c_um,delta_21,14,-1.0145044924875721,-1.5607761422885724
y_c_um,delta_21,15,1.2846330404221766,1.9763585237264256
y_c_um,delta_21,16,2.5370490708381164,3.903152416674025
y_c_um,delta_21,17,2.4660895028558611,3.7939838505474786
y_c_um,delta_21,18,0.73738746620130124,1.1344422556943097
y_c_um,delta_21,19,0.3657292048451587,0.56266031514639803
y_c_um,delta_21,20,0.97309200154153797,1.4970646177562121
y_c_um,delta_21,21,-2.1474993772997504,-3.3038451958457697
y_c_um,delta_21,22,0.18152202634646653,0.27926465591764082
y_c_um,delta_21,23,-0.41152586860721002,-0.63311672093416926
y_c_um,delta_21,24,-2.5702930901536583,-3.9542970617748585
y_c_um,delta_21,25,0.8435065500338661,1.2977023846674862
y_c_um,delta_21,26,0.21666032672219238,0.33332357957260367
y_c_um,delta_21,27,-0.98043331058997973,-1.5083589393691996
y_c_um,delta_21,28,0.57565516744667844,0.8856233345333514
y_c_um,delta_21,29,-0.24712042500820808,-0.38018526924339702
y_c_um,delta_21,30,0.95005733950232407,1.4616266761574217
y_c_um,delta_21,31,0.79525120700156959,1.2234633953870302
y_c_um,delta_21,32,1.2602455637556242,1.9388393288548065
y_c_um,delta_21,33,-0.30523129310975533,-0.46958660478423897
y_c_um,delta_21,34,0.21533664421551069,0.3312871449469395
y_c_um,delta_21,35,1.716540836439719,2.640832056061106
y_c_um,delta_21,36,1.0318647505970577,1.5874842316877811
y_c_um,delta_21,37,1.1201798704617882,1.7233536468642896
y_c_um,delta_21,38,-0.27908488052970459,-0.42936135466108399
y_c_um,delta_21,39,-0.75223909974045133,-1.1572909226776174
y_c_um,delta_21,40,1.5267020240679376,2.348772344719904
y_c_um,delta_21,41,-1.6790723141309258,-2.5831881755860397
y_c_um,delta_21,42,0.65822594719158611,1.012655303371671
y_c_um,delta_21,43,1.0632379991771703,1.6357507679648773
y_c_um,delta_21,44,0.50231571977360701,0.77279341503631849
y_c_um,delta_21,45,-2.2297348183838159,-3.4303612590520243
y_c_um,delta_21,46,0.1832210327134679,0.28187851186687368
y_c_um,delta_21,47,-0.70646710635924004,-1.0868724713219078
y_c_um,delta_21,48,1.081617552152667,1.6640270033117952
y_c_um,delta_21,49,-0.6728089475122393,-1.0350906884803681
y_c_um,delta_21,50,-0.17719534306219176,-0.27260822009567964
y_c_um,delta_21,51,1.8274866148751907,2.811517869038755
y_c_um,delta_21,52,0.92249146050132125,1.4192176315404941
y_c_um,delta_21,53,-0.72043372640000036,-1.1083595790769236
y_c_um,delta_21,54,1.3787465425762613,2.1211485270404018
y_c_um,delta_21,55,-1.4641136180480758,-2.2524824893047319
y_c_um,delta_21,56,0.61976205158718911,0.95348007936490631
y_c_um,delta_21,57,2.4886551241205086,3.8287001909546285
y_c_um,delta_21,58,0.61782416202326063,0.95049871080501636
y_c_um,delta_21,59,-1.2421647806833738,-1.9110227395128827
y_c_um,delta_21,60,-1.2905377959495004,-1.9854427629992313
y_c_um,delta_21,61,1.2570784680503317,1.9339668739235871
y_c_um,delta_21,62,-1.0037204578163952,-1.544185319717531
y_c_um,delta_21,63,1.3119158217444533,2.0183320334530048
z_c_um,q1,0,-0.11141534507061378,-0.17140822318555962
z_c_um,q1,1,-0.0086626231340053116,-0.013327112513854314
z_c_um,q1,2,-0.076949493247576856,-0.11838383576550283
z_c_um,q1,3,-0.15602816446298789,-0.2400433299430583
z_c_um,q1,4,-0.17362205941959602,-0.26711086064553236
z_c_um,q1,5,-0.20807631690966805,-0.3201174106302585
z_c_um,q1,6,-0.02498412249491555,-0.038437111530639299
z_c_um,q1,7,-0.032276496081165652,-0.049656147817177913
z_c_um,q1,8,-0.0036867127858139434,-0.0056718658243291318
z_c_um,q1,9,0.084576546693331242,0.13011776414358656
z_c_um,q1,10,-0.093896915590946747,-0.14445679321684113
z_c_um,q1,11,-0.1352581372042275,-0.20808944185265768
z_c_um,q1,12,-0.091440830254147065,-0.14067820039099546
z_c_um,q1,13,0.032104494675710617,0.049391530270324037
z_c_um,q1,14,0.032316366253161206,0.049717486543324939
z_c_um,q1,15,-0.042048058307163606,-0.064689320472559375
z_c_um,q1,16,-0.047789083751419166,-0.073521667309875624
z_c_um,q1,17,-0.29308942324478537,-0.45090680499197749
z_c_um,q1,18,0.039359229267115693,0.060552660410947229
z_c_um,q1,19,-0.053766057338631108,-0.082717011290201689
z_c_um,q1,20,0.18174827512359396,0.27961273095937533
z_c_um,q1,21,-0.22841658140360957,-0.35141012523632242
z_c_um,q1,22,0.050860471742385963,0.078246879603670716
z_c_um,q1,23,-0.10901095863287739,-0.16770916712750367
z_c_um,q1,24,-0.13216377789196601,-0.20332888906456309
z_c_um,q1,25,-0.19584595281859099,-0.30130146587475537
z_c_um,q1,26,-0.24432177083415649,-0.37587964743716379
z_c_um,q1,27,0.037306343175525537,0.057394374116193143
z_c_um,q1,28,-0.072863912117185792,-0.11209832633413196
z_c_um,q1,29,-0.14389700436366912,-0.2213800067133371
z_c_um,q1,30,-0.20420898434718196,-0.31416766822643377
z_c_um,q1,31,-0.06685597960159273,-0.10285535323321957
z_c_um,q1,32,-0.19235230621361124,-0.29592662494401728
z_c_um,q1,33,-0.070235395116824459,-0.10805445402588376
z_c_um,q1,34,-0.0955406323018681,-0.14698558815672014
z_c_um,q1,35,-0.097465566138897744,-0.14994702482907343
z_c_um,q1,36,-0.13232284455879217,-0.20357360701352642
z_c_um,q1,37,-0.1248924575865773,-0.19214224244088812
z_c_um,q1,38,-0.21557658523314621,-0.33165628497407107
z_c_um,q1,39,0.023014084526277498,0.035406283886580778
z_c_um,q1,40,-0.095847193234349093,-0.14745722036053704
z_c_um,q1,41,-0.13599958421945818,-0.20923012956839721
z_c_um,q1,42,-0.02604669376999557,-0.040071836569223938
z_c_um,q1,43,-0.26922344576954166,-0.41418991656852561
z_c_um,q1,44,0.07408942387330128,0.11398372903584814
z_c_um,q1,45,-0.060304856356947455,-0.092776702087611448
z_c_um,q1,46,-0.1136943821358363,-0.17491443405513274
z_c_um,q1,47,-0.20716745947733708,-0.31871916842667242
z_c_um,q1,48,-0.081213096481877148,-0.12494322535673405
z_c_um,q1,49,-0.08001279487107664,-0.12309660749396403
z_c_um,q1,50,0.087754047719829836,0.1350062272612767
z_c_um,q1,51,-0.10081834055809692,-0.15510513932014908
z_c_um,q1,52,-0.057896013832381549,-0.089070790511356218
z_c_um,q1,53,-0.16607701896275931,-0.2555031060965528
z_c_um,q1,54,0.01341309258965258,0.02063552706100398
z_c_um,q1,55,-0.14613141336861449,-0.22481755902863768
z_c_um,q1,56,-0.16344012155818807,-0.25144634085875089
z_c_um,q1,57,-0.020599810443823564,-0.031692016067420857
z_c_um,q1,58,-0.19867694070097849,-0.30565683184765924
z_c_um,q1,59,-0.12799891799090873,-0.19692141229370574
z_c_um,q1,60,-0.062407778810650065,-0.096011967401000084
z_c_um,q1,61,-0.18085639289963218,-0.2782406044609726
z_c_um,q1,62,-0.10212947294361779,-0.15712226606710428
z_c_um,q1,63,-0.21845022142094361,-0.33607726372452862
z_c_um,q2,0,-0.10745220387741411,-0.16531108288832938
z_c_um,q2,1,-0.0025790166109021843,-0.0039677178629264169
z_c_um,q2,2,-0.0012603507468988294,-0.001939001149075102
z_c_um,q2,3,0.048985020434905144,0.075361569899854083
z_c_um,q2,4,0.12636485456088928,0.19440746855521426
z_c_um,q2,5,-0.13950244412006615,-0.21461914480010177
z_c_um,q2,6,0.070299104840300775,0.10815246898507813
z_c_um,q2,7,-0.053145251463300826,-0.081761925328155086
z_c_um,q2,8,-0.15953802101647854,-0.24544310925612084
z_c_um,q2,9,-0.13727780109714074,-0.21119661707252421
z_c_um,q2,10,-0.15606267582296615,-0.24009642434302483
z_c_um,q2,11,-0.3688466876100685,-0.56745644247702842
z_c_um,q2,12,-0.16906937265679814,-0.26010672716430483
z_c_um,q2,13,-0.0053974181127449975,-0.0083037201734538213
z_c_um,q2,14,0.12850621057336181,0.19770186242055662
z_c_um,q2,15,-0.034188671162265968,-0.05259795563425531
z_c_um,q2,16,0.065045330808112881,0.10006973970478907
z_c_um,q2,17,0.17136267951048673,0.26363489155459496
z_c_um,q2,18,-0.18074211762354506,-0.27806479634391545
z_c_um,q2,19,0.021707365680881743,0.033395947201356545
z_c_um,q2,20,0.023492503422534353,0.036142312957745178
z_c_um,q2,21,-0.094768581518575729,-0.14579781772088571
z_c_um,q2,22,-0.023313578818037257,-0.035867044335441911
z_c_um,q2,23,-0.062840455380575963,-0.096677623662424536
z_c_um,q2,24,-0.17392282439663162,-0.26757357599481785
z_c_um,q2,25,-0.088422243976281026,-0.13603422150197078
z_c_um,q2,26,-0.22229975773445676,-0.34199962728377964
z_c_um,q2,27,0.034018794555077399,0.052336607007811405
z_c_um,q2,28,0.2252915446518039,0.34660237638739061
z_c_um,q2,29,-0.041128301662005193,-0.063274310249238741
z_c_um,q2,30,0.10402052225708926,0.16003157270321425
z_c_um,q2,31,-0.17315974362140057,-0.26639960557138548
z_c_um,q2,32,-0.010336202653210143,-0.015901850235707893
z_c_um,q2,33,-0.18990338366844464,-0.29215905179760715
z_c_um,q2,34,-0.15899530157004038,-0.24460815626160057
z_c_um,q2,35,-0.059063551164157298,-0.090867001791011204
z_c_um,q2,36,-0.01435105463513533,-0.022078545592515871
z_c_um,q2,37,-0.20823822946705894,-0.32036650687239837
z_c_um,q2,38,-0.074689546431674331,-0.11490699451026817
z_c_um,q2,39,-0.12164657141497746,-0.18714857140765762
z_c_um,q2,40,-0.0088310411121864715,-0.013586217095671475
z_c_um,q2,41,-3.0700839682347365e-06,-4.7232061049565662e-06
z_c_um,q2,42,0.054400345982448924,0.083692839972998367
z_c_um,q2,43,-0.019667006234381626,-0.030256932668279401
z_c_um,q2,44,-0.051983232463465659,-0.079974203789947143
z_c_um,q2,45,-0.14863614378223636,-0.22867099043420977
z_c_um,q2,46,-0.2377246247050919,-0.36573019185398753
z_c_um,q2,47,-0.19648923091047737,-0.30229112447765749
z_c_um,q2,48,-0.14335674368108803,-0.22054883643244311
z_c_um,q2,49,0.17820639749310796,0.27416368845093531
z_c_um,q2,50,-0.15372356710489721,-0.2364977955459957
z_c_um,q2,51,-0.077680780366194011,-0.11950889287106768
z_c_um,q2,52,0.077595993284085285,0.11937845120628507
z_c_um,q2,53,-0.023322568565250987,-0.035880874715770728
z_c_um,q2,54,-0.0069113858180220138,-0.010632901258495385
z_c_um,q2,55,0.028472838375674915,0.043804366731807584
z_c_um,q2,56,0.11467615186653654,0.17642484902544084
z_c_um,q2,57,-0.30444135111017634,-0.46837130940027127
z_c_um,q2,58,0.06288763576328929,0.096750208866598922
z_c_um,q2,59,-0.069160262179019591,-0.1064004033523378
z_c_um,q2,60,-0.13885416517644444,-0.21362179257914529
z_c_um,q2,61,-0.11207530004183734,-0.17242353852590359
z_c_um,q2,62,-0.16333215535999701,-0.25128023901537999
z_c_um,q2,63,-0.086027428955167851,-0.13234989070025821
z_c_um,delta_21,0,0.003963141193199668,0.0060971402972302665
z_c_um,delta_21,1,0.0060836065231031269,0.009359394650927895
z_c_um,delta_21,2,0.075689142500678028,0.11644483461642773
z_c_um,delta_21,3,0.20501318489789305,0.31540489984291237
z_c_um,delta_21,4,0.29998691398048527,0.46151832920074654
z_c_um,delta_21,5,0.068573872789601892,0.10549826583015676
z_c_um,delta_21,6,0.095283227335216325,0.14658958051571741
z_c_um,delta_21,7,-0.020868755382135173,-0.032105777510977179
z_c_um,delta_21,8,-0.15585130823066459,-0.23977124343179168
z_c_um,delta_21,9,-0.22185434779047197,-0.34131438121611074
z_c_um,delta_21,10,-0.062165760232019404,-0.095639631126183691
z_c_um,delta_21,11,-0.23358855040584101,-0.35936700062437077
z_c_um,delta_21,12,-0.077628542402651074,-0.11942852677330934
z_c_um,delta_21,13,-0.037501912788455612,-0.057695250443777851
z_c_um,delta_21,14,0.096189844320200613,0.14798437587723171
z_c_um,delta_21,15,0.007859387144897638,0.012091364838304065
z_c_um,delta_21,16,0.11283441455953205,0.17359140701466469
z_c_um,delta_21,17,0.4644521027552721,0.7145416965465724
z_c_um,delta_21,18,-0.22010134689066074,-0.33861745675486266
z_c_um,delta_21,19,0.075473423019512847,0.11611295849155823
z_c_um,delta_21,20,-0.15825577170105959,-0.24347041800163013
z_c_um,delta_21,21,0.13364799988503384,0.20561230751543666
z_c_um,delta_21,22,-0.074174050560423227,-0.11411392393911265
z_c_um,delta_21,23,0.046170503252301431,0.071031543465079131
z_c_um,delta_21,24,-0.041759046504665609,-0.064244686930254771
z_c_um,delta_21,25,0.10742370884230996,0.16526724437278456
z_c_um,delta_21,26,0.022022013099699728,0.033880020153384205
z_c_um,delta_21,27,-0.0032875486204481386,-0.0050577671083817432
z_c_um,delta_21,28,0.29815545676898969,0.45870070272152258
z_c_um,delta_21,29,0.10276870270166392,0.15810569646409833
z_c_um,delta_21,30,0.30822950660427123,0.47419924092964805
z_c_um,delta_21,31,-0.10630376401980784,-0.16354425233816591
z_c_um,delta_21,32,0.1820161035604011,0.28002477470830939
z_c_um,delta_21,33,-0.11966798855162018,-0.18410459777172336
z_c_um,delta_21,34,-0.063454669268172281,-0.097622568104880431
z_c_um,delta_21,35,0.038402014974740446,0.059080023038062236
z_c_um,delta_21,36,0.11797178992365684,0.18149506142101052
z_c_um,delta_21,37,-0.083345771880481645,-0.12822426443151022
z_c_um,delta_21,38,0.14088703880147188,0.2167492904638029
z_c_um,delta_21,39,-0.14466065594125496,-0.22255485529423841
z_c_um,delta_21,40,0.087016152122162627,0.13387100326486556
z_c_um,delta_21,41,0.13599651413548994,0.2092254063622922
z_c_um,delta_21,42,0.080447039752444494,0.1237646765422223
z_c_um,delta_21,43,0.24955643953516005,0.38393298390024622
z_c_um,delta_21,44,-0.12607265633676695,-0.19395793282579529
z_c_um,delta_21,45,-0.088331287425288896,-0.13589428834659831
z_c_um,delta_21,46,-0.1240302425692556,-0.19081575779885476
z_c_um,delta_21,47,0.01067822856685971,0.016428043949014946
z_c_um,delta_21,48,-0.06214364719921088,-0.095605611075709029
z_c_um,delta_21,49,0.25821919236418461,0.39726029594489937
z_c_um,delta_21,50,-0.24147761482472704,-0.37150402280727235
z_c_um,delta_21,51,0.023137560191902912,0.035596246449081409
z_c_um,delta_21,52,0.13549200711646683,0.20844924171764129
z_c_um,delta_21,53,0.14275445039750834,0.21962223138078205
z_c_um,delta_21,54,-0.020324478407674595,-0.031268428319499365
z_c_um,delta_21,55,0.1746042517442894,0.26862192576044519
z_c_um,delta_21,56,0.27811627342472461,0.4278711898841917
z_c_um,delta_21,57,-0.28384154066635275,-0.43667929333285038
z_c_um,delta_21,58,0.26156457646426778,0.40240704071425809
z_c_um,delta_21,59,0.058838655811889143,0.090521008941367914
z_c_um,delta_21,60,-0.076446386365794372,-0.11760982517814518
z_c_um,delta_21,61,0.068781092857794837,0.10581706593506898
z_c_um,delta_21,62,-0.061202682416379217,-0.094157972948275701
z_c_um,delta_21,63,0.13242279246577576,0.20372737302427041
sigma_y_um,q1,0,11.4150764741094,3.3789295366449421
sigma_y_um,q1,1,9.8004247229443884,2.3020395664780544
sigma_y_um,q1,2,11.244903547947054,3.2654329159365103
sigma_y_um,q1,3,10.714043614085611,2.9113765456223759
sigma_y_um,q1,4,11.688532517657102,3.5613107035842302
sigma_y_um,q1,5,11.574607267269512,3.4853284000301503
sigma_y_um,q1,6,11.247209054310423,3.2669705705280201
sigma_y_um,q1,7,10.583288847311364,2.8241698171194027
sigma_y_um,q1,8,10.928482210701748,3.054396099991274
sigma_y_um,q1,9,11.56437493590618,3.4785039593985121
sigma_y_um,q1,10,10.848551470920114,3.0010863928567453
sigma_y_um,q1,11,11.148271717560432,3.2009844372678824
sigma_y_um,q1,12,11.363114134476289,3.3442733190816645
sigma_y_um,q1,13,10.378064356687565,2.6872955992418217
sigma_y_um,q1,14,11.790441715639021,3.6292789159837753
sigma_y_um,q1,15,10.795769477137892,2.9658835079817405
sigma_y_um,q1,16,10.807324584599419,2.9735901724810923
sigma_y_um,q1,17,10.93594409457685,3.0593727941284774
sigma_y_um,q1,18,10.508811307230495,2.7744971147190731
sigma_y_um,q1,19,11.988253314977777,3.7612091152709453
sigma_y_um,q1,20,10.689854043370806,2.8952433416255259
sigma_y_um,q1,21,9.7275175322043435,2.2534142066106098
sigma_y_um,q1,22,10.773811542604273,2.9512386909505919
sigma_y_um,q1,23,10.722939770333731,2.917309825928625
sigma_y_um,q1,24,11.258756958482193,3.2746724308022586
sigma_y_um,q1,25,10.917794437298555,3.0472679028595953
sigma_y_um,q1,26,10.775579144486866,2.9524175908200152
sigma_y_um,q1,27,9.9907411186358992,2.4289708490475772
sigma_y_um,q1,28,10.214848152257668,2.5784387554100507
sigma_y_um,q1,29,11.546134403238041,3.4663384589017965
sigma_y_um,q1,30,10.598876254917483,2.8345658191674117
sigma_y_um,q1,31,11.348079225084181,3.334245805027908
sigma_y_um,q1,32,11.887447599915625,3.6939768694274639
sigma_y_um,q1,33,11.088331636666798,3.1610074751280446
sigma_y_um,q1,34,11.055515970700226,3.1391211076693959
sigma_y_um,q1,35,11.576564265849303,3.4866336177903809
sigma_y_um,q1,36,11.738363658657633,3.5945455208794925
sigma_y_um,q1,37,10.797326918083961,2.9669222412768543
sigma_y_um,q1,38,11.864346522539703,3.6785696347044166
sigma_y_um,q1,39,11.666529778810029,3.5466360043721443
sigma_y_um,q1,40,10.99271946316553,3.0972390553464537
sigma_y_um,q1,41,10.266577142235498,2.612939340711987
sigma_y_um,q1,42,10.81509303514753,2.978771330878228
sigma_y_um,q1,43,10.860121606217737,3.008803080152624
sigma_y_um,q1,44,10.733936336800936,2.924643972208937
sigma_y_um,q1,45,10.97646644978591,3.0863991283585612
sigma_y_um,q1,46,11.439439237757695,3.3951782514526183
sigma_y_um,q1,47,10.409025632968442,2.7079451838140893
sigma_y_um,q1,48,10.022151196587149,2.449919761333744
sigma_y_um,q1,49,11.469480230362748,3.4152140539759168
sigma_y_um,q1,50,11.893706355967279,3.6981511389644615
sigma_y_um,q1,51,12.07438132999963,3.81865208739202
sigma_y_um,q1,52,11.537319457297853,3.460459341709063
sigma_y_um,q1,53,11.64546278926009,3.5325854019858589
sigma_y_um,q1,54,9.9068326232424724,2.3730081827724634
sigma_y_um,q1,55,11.168300693492391,3.2143427377672178
sigma_y_um,q1,56,10.680472384979115,2.8889862562705853
sigma_y_um,q1,57,11.039465527876933,3.1284162848612147
sigma_y_um,q1,58,11.301599566431591,3.3032462547015671
sigma_y_um,q1,59,10.90803985798164,3.0407620983590244
sigma_y_um,q1,60,11.033515411353861,3.1244478620725866
sigma_y_um,q1,61,9.6828761889708428,2.2236407184585993
sigma_y_um,q1,62,10.930350191649572,3.0556419475529681
sigma_y_um,q1,63,11.797764146724532,3.6341626022570139
sigma_y_um,q2,0,10.323003421121198,2.7260200386313969
sigma_y_um,q2,1,11.212778972606545,3.3194547321514842
sigma_y_um,q2,2,10.724150117660487,2.9935643272106827
sigma_y_um,q2,3,10.82005103470987,3.0575253241413036
sigma_y_um,q2,4,10.289046675908065,2.7033726297934533
sigma_y_um,q2,5,11.050421166697625,3.2111703961418985
sigma_y_um,q2,6,11.75497708424257,3.6810730859810166
sigma_y_um,q2,7,11.914271470490561,3.7873142780712485
sigma_y_um,q2,8,10.27538018437699,2.6942577803241692
sigma_y_um,q2,9,11.279904529820218,3.3642240387546645
sigma_y_um,q2,10,11.493903263413547,3.5069502270295008
sigma_y_um,q2,11,11.436121764633608,3.4684129285362313
sigma_y_um,q2,12,10.730242355658445,2.9976275377396013
sigma_y_um,q2,13,11.969839565714782,3.8243753498256159
sigma_y_um,q2,14,10.559033261505391,2.8834398460830242
sigma_y_um,q2,15,11.900471724885303,3.7781105549635043
sigma_y_um,q2,16,11.125375238747688,3.2611609209443149
sigma_y_um,q2,17,11.210468966703132,3.3179140765973587
sigma_y_um,q2,18,10.562788569574311,2.8859444441125301
sigma_y_um,q2,19,10.621788378945766,2.9252942933342188
sigma_y_um,q2,20,10.219843223884466,2.6572174738402468
sigma_y_um,q2,21,11.522708521877213,3.5261618582095404
sigma_y_um,q2,22,11.863636647625636,3.7535434461596173
sigma_y_um,q2,23,11.715803157855875,3.6549460846710127
sigma_y_um,q2,24,10.636247919655229,2.9349380659632116
sigma_y_um,q2,25,11.365829560450027,3.4215316306888139
sigma_y_um,q2,26,11.447438921810473,3.4759608923902174
sigma_y_um,q2,27,10.761150449746747,3.0182416525149085
sigma_y_um,q2,28,11.567862107818822,3.5562769859963854
sigma_y_um,q2,29,10.426621648463351,2.795128086029683
sigma_y_um,q2,30,10.186206127416863,2.634783254334176
sigma_y_um,q2,31,11.457318299754725,3.4825499311795265
sigma_y_um,q2,32,10.48821083759163,2.8362049188483387
sigma_y_um,q2,33,11.575122801889137,3.5611194968443938
sigma_y_um,q2,34,11.019478646539074,3.1905333209420066
sigma_y_um,q2,35,10.814246185154143,3.0536537869752371
sigma_y_um,q2,36,9.6790285172940767,2.2965217802792521
sigma_y_um,q2,37,12.05415055121513,3.8806064563751868
sigma_y_um,q2,38,10.643562870148816,2.9398167630650032
sigma_y_um,q2,39,12.150980440678246,3.9451870302976819
sigma_y_um,q2,40,9.7920079360083818,2.3718732625793426
sigma_y_um,q2,41,11.827284206439657,3.7292982308826903
sigma_y_um,q2,42,10.606172552221372,2.9148793371907464
sigma_y_um,q2,43,11.246946064285581,3.3422424313023251
sigma_y_um,q2,44,11.421458532686774,3.4586333042907045
sigma_y_um,q2,45,12.337724961193501,4.0697360551765156
sigma_y_um,q2,46,10.537332528733378,2.8689665694457611
sigma_y_um,q2,47,11.363932501435697,3.4202663895469558
sigma_y_um,q2,48,9.3871028705141892,2.1018223345164642
sigma_y_um,q2,49,9.9894859407049612,2.5035809713362771
sigma_y_um,q2,50,11.815228135877717,3.7212574496687787
sigma_y_um,q2,51,10.277175060066797,2.695454870425273
sigma_y_um,q2,52,9.6285959859384107,2.2628858664372378
sigma_y_um,q2,53,11.174118540097659,3.2936702049423858
sigma_y_um,q2,54,10.557107058555331,2.8821551674296066
sigma_y_um,q2,55,10.871839992787683,3.0920659050926758
sigma_y_um,q2,56,9.8512124284257094,2.4113596249030076
sigma_y_um,q2,57,11.161115102086132,3.2849975781903962
sigma_y_um,q2,58,10.428908773162256,2.7966534809930206
sigma_y_um,q2,59,11.471586734748227,3.4920662460897813
sigma_y_um,q2,60,10.810809107282616,3.0513614321786933
sigma_y_um,q2,61,9.8338953956379669,2.3998100514988874
sigma_y_um,q2,62,10.999107710837158,3.1769469508009038
sigma_y_um,q2,63,11.896936425861915,3.7757526916923183
sigma_y_um,delta_21,0,-1.0920730529882015,-0.65290949801354514
sigma_y_um,delta_21,1,1.4123542496621564,1.0174151656734298
sigma_y_um,delta_21,2,-0.5207534302865664,-0.2718685887258277
sigma_y_um,delta_21,3,0.10600742062425894,0.14614877851892763
sigma_y_um,delta_21,4,-1.399485841749037,-0.85793807379077724
sigma_y_um,delta_21,5,-0.52418610057188708,-0.27415800388825173
sigma_y_um,delta_21,6,0.50776802993214787,0.41410251545299653
sigma_y_um,delta_21,7,1.3309826231791977,0.96314446095184603
sigma_y_um,delta_21,8,-0.653102026324758,-0.36013831966710491
sigma_y_um,delta_21,9,-0.28447040608596197,-0.11427992064384759
sigma_y_um,delta_21,10,0.64535179249343244,0.50586383417275571
sigma_y_um,delta_21,11,0.28785004707317619,0.26742849126834911
sigma_y_um,delta_21,12,-0.63287177881784373,-0.34664578134206314
sigma_y_um,delta_21,13,1.591775209027217,1.1370797505837944
sigma_y_um,delta_21,14,-1.2314084541336303,-0.74583906990075133
sigma_y_um,delta_21,15,1.1047022477474115,0.81222704698176373
sigma_y_um,delta_21,16,0.31805065414826927,0.28757074846322284
sigma_y_um,delta_21,17,0.27452487212628185,0.25854128246888142
sigma_y_um,delta_21,18,0.053977262343815724,0.11144732939345685
sigma_y_um,delta_21,19,-1.3664649360320116,-0.8359148219367265
sigma_y_um,delta_21,20,-0.47001081948634038,-0.2380258677852792
sigma_y_um,delta_21,21,1.7951909896728697,1.2727476515989307
sigma_y_um,delta_21,22,1.0898251050213634,0.80230475520902511
sigma_y_um,delta_21,23,0.99286338752214398,0.73763625874238758
sigma_y_um,delta_21,24,-0.62250903882696385,-0.33973436483904695
sigma_y_um,delta_21,25,0.44803512315147209,0.37426372782921896
sigma_y_um,delta_21,26,0.67185977732360769,0.52354330157020224
sigma_y_um,delta_21,27,0.77040933111084797,0.58927080346733141
sigma_y_um,delta_21,28,1.3530139555611544,0.97783823058633457
sigma_y_um,delta_21,29,-1.1195127547746893,-0.67121037287211349
sigma_y_um,delta_21,30,-0.41267012750062015,-0.19978256483323581
sigma_y_um,delta_21,31,0.10923907467054406,0.1483041261516185
sigma_y_um,delta_21,32,-1.3992367623239943,-0.85777195057912503
sigma_y_um,delta_21,33,0.48679116522233912,0.40011202171634913
sigma_y_um,delta_21,34,-0.036037324161151574,0.051412213272610745
sigma_y_um,delta_21,35,-0.76231808069515949,-0.43297983081514385
sigma_y_um,delta_21,36,-2.0593351413635563,-1.2980237406002404
sigma_y_um,delta_21,37,1.2568236331311695,0.91368421509833253
sigma_y_um,delta_21,38,-1.220783652390887,-0.73875287163941328
sigma_y_um,delta_21,39,0.48445066186821784,0.39855102592553754
sigma_y_um,delta_21,40,-1.2007115271571482,-0.725365792767111
sigma_y_um,delta_21,41,1.5607070642041592,1.1163588901707033
sigma_y_um,delta_21,42,-0.20892048292615861,-0.063891993687481441
sigma_y_um,delta_21,43,0.38682445806784393,0.33343935114970102
sigma_y_um,delta_21,44,0.68752219588583863,0.53398933208176758
sigma_y_um,delta_21,45,1.3612585114075912,0.98333692681795382
sigma_y_um,delta_21,46,-0.90210670902431644,-0.52621168200685742
sigma_y_um,delta_21,47,0.95490686846725481,0.71232120573286639
sigma_y_um,delta_21,48,-0.63504832607296002,-0.34809742681727962
sigma_y_um,delta_21,49,-1.4799942896577871,-0.91163308263963949
sigma_y_um,delta_21,50,-0.07847822008956129,0.023106310704317352
sigma_y_um,delta_21,51,-1.7972062699328326,-1.1231972169667466
sigma_y_um,delta_21,52,-1.9087234713594423,-1.1975734752718252
sigma_y_um,delta_21,53,-0.47134424916243134,-0.23891519704347322
sigma_y_um,delta_21,54,0.65027443531285911,0.50914698465714325
sigma_y_um,delta_21,55,-0.2964607007047082,-0.12227683267454234
sigma_y_um,delta_21,56,-0.82925995655340579,-0.47762663136757777
sigma_y_um,delta_21,57,0.12164957420919897,0.15658129332918189
sigma_y_um,delta_21,58,-0.87269079326933507,-0.50659277370854638
sigma_y_um,delta_21,59,0.56354687676658699,0.45130414773075683
sigma_y_um,delta_21,60,-0.22270630407124514,-0.073086429893893537
sigma_y_um,delta_21,61,0.1510192066671241,0.17616933304028809
sigma_y_um,delta_21,62,0.06875751918758688,0.1213050032479356
sigma_y_um,delta_21,63,0.099172279137382802,0.14159008943530474
sigma_y_um,ratio_21,0,0.9043306406693693,-0.59087356530197677
sigma_y_um,ratio_21,1,1.1441115349170128,1.0919065411676918
sigma_y_um,ratio_21,2,0.95368982685657289,-0.21063097476296319
sigma_y_um,ratio_21,3,1.0098942494955772,0.19908293167999178
sigma_y_um,ratio_21,4,0.88026847342599035,-0.78383097296975535
sigma_y_um,ratio_21,5,0.95471240721452622,-0.20296321249317528
sigma_y_um,ratio_21,6,1.045146136030747,0.44457964020106372
sigma_y_um,ratio_21,7,1.1257626662544817,0.97622660742391132
sigma_y_um,ratio_21,8,0.94023854239473381,-0.31226721195672319
sigma_y_um,ratio_21,9,0.97540114293573177,-0.049569063683561301
sigma_y_um,ratio_21,10,1.0594873697399434,0.54209158608217289
sigma_y_um,ratio_21,11,1.0258201499179251,0.31103627704598702
sigma_y_um,ratio_21,12,0.94430472392267206,-0.28139111526369864
sigma_y_um,ratio_21,13,1.1533788146150286,1.14962862460582
sigma_y_um,ratio_21,14,0.89555875141638919,-0.66061515282489791
sigma_y_um,ratio_21,15,1.1023273283193782,0.82570613380881686
sigma_y_um,ratio_21,16,1.0294291757093605,0.33616480138796229
sigma_y_um,ratio_21,17,1.0251029878858304,0.30603237280466639
sigma_y_um,ratio_21,18,1.005136381343785,0.16529414277567334
sigma_y_um,ratio_21,19,0.88601634448908506,-0.73726283398611414
sigma_y_um,ratio_21,20,0.95603206390102091,-0.19307996916382961
sigma_y_um,ratio_21,21,1.1845477002461966,1.340419332401102
sigma_y_um,ratio_21,22,1.101155018417737,0.81809281587187654
sigma_y_um,ratio_21,23,1.0925924614692901,0.76223806598225885
sigma_y_um,ratio_21,24,0.94470890160232346,-0.27832930474745837
sigma_y_um,ratio_21,25,1.0410371458928414,0.41639423597780079
sigma_y_um,ratio_21,26,1.062350224365189,0.56139919470790256
sigma_y_um,ratio_21,27,1.0771123305030685,0.66013884707767589
sigma_y_um,ratio_21,28,1.1324556112233655,1.0186390881765937
sigma_y_um,ratio_21,29,0.90304003784498399,-0.60109205051063574
sigma_y_um,ratio_21,30,0.96106472822445144,-0.15551387963540222
sigma_y_um,ratio_21,31,1.0096262171336519,0.19718369081998183
sigma_y_um,ratio_21,32,0.88229291859642556,-0.76739471212405808
sigma_y_um,ratio_21,33,1.0439012090522819,0.43605184592051732
sigma_y_um,ratio_21,34,0.99674033086681257,0.10527616921731088
sigma_y_um,ratio_21,35,0.93414988564923473,-0.35875131893624673
sigma_y_um,ratio_21,36,0.82456369548197694,-1.2515731264527845
sigma_y_um,ratio_21,37,1.1164013688449288,0.91648013722665134
sigma_y_um,ratio_21,38,0.89710485528455686,-0.64827328075281754
sigma_y_um,ratio_21,39,1.0415248296668413,0.41974529014159806
sigma_y_um,ratio_21,40,0.8907721122893657,-0.69896034264356488
sigma_y_um,ratio_21,41,1.1520182474238267,1.1411833188568552
sigma_y_um,ratio_21,42,0.980682507099366,-0.010932293520499832
sigma_y_um,ratio_21,43,1.0356187961879153,0.3790567961504302
sigma_y_um,ratio_21,44,1.0640512645420388,0.57284668975282971
sigma_y_um,ratio_21,45,1.1240160954925655,0.96511728610516867
sigma_y_um,ratio_21,46,0.92114065293980762,-0.45909451700566417
sigma_y_um,ratio_21,47,1.0917383530541787,0.75664260749045853
sigma_y_um,ratio_21,48,0.93663552728188604,-0.33973809063644683
sigma_y_um,ratio_21,49,0.87096239237242412,-0.85987560865693624
sigma_y_um,ratio_21,50,0.99340170189671895,0.081269850891926981
sigma_y_um,ratio_21,51,0.85115541568431752,-1.0244701969648857
sigma_y_um,ratio_21,52,0.83456092392829673,-1.1653454005337778
sigma_y_um,ratio_21,53,0.95952550296265393,-0.16698243268348748
sigma_y_um,ratio_21,54,1.0656389847333492,0.58351507459622087
sigma_y_um,ratio_21,55,0.97345516485982042,-0.063857981429467151
sigma_y_um,ratio_21,56,0.92235737084815961,-0.44964981293253248
sigma_y_um,ratio_21,57,1.0110195166515996,0.20705092522447685
sigma_y_um,ratio_21,58,0.9227816568672782,-0.4463592462058385
sigma_y_um,ratio_21,59,1.0516634412876873,0.48905828411571101
sigma_y_um,ratio_21,60,0.97981547169979277,-0.01726095005762792
sigma_y_um,ratio_21,61,1.0155965235659152,0.23936947757686766
sigma_y_um,ratio_21,62,1.0062905138428333,0.17350507624447895
sigma_y_um,ratio_21,63,1.0084060232010077,0.18853118536605096
sigma_z_um,q1,0,1.5779300205014648,1.9282208834659511
sigma_z_um,q1,1,1.4342061114780527,1.7071071772760862
sigma_z_um,q1,2,1.415987656251094,1.6790787846192268
sigma_z_um,q1,3,1.4316512102851087,1.7031765600561724
sigma_z_um,q1,4,1.5658835814651879,1.9096879003332174
sigma_z_um,q1,5,1.6095818766619314,1.976916046789746
sigma_z_um,q1,6,1.5614595773021636,1.9028817400824107
sigma_z_um,q1,7,1.4521117719475862,1.7346543472292149
sigma_z_um,q1,8,1.442873910009026,1.720442251939122
sigma_z_um,q1,9,1.2508639163757413,1.4250422617340688
sigma_z_um,q1,10,1.4216861872621132,1.68784575540541
sigma_z_um,q1,11,1.5391357069044938,1.8685373240859957
sigma_z_um,q1,12,1.4911134941818389,1.7946569968203727
sigma_z_um,q1,13,1.3410119759552608,1.5637315841640989
sigma_z_um,q1,14,1.596204007549139,1.9563347096931423
sigma_z_um,q1,15,1.4209179096106637,1.6866637897877954
sigma_z_um,q1,16,1.4638536487871578,1.7527187731362481
sigma_z_um,q1,17,1.4176392353685099,1.6816196755690973
sigma_z_um,q1,18,1.4368975728741036,1.7112478871161645
sigma_z_um,q1,19,1.564454524876792,1.9074893517356852
sigma_z_um,q1,20,1.2904689255373858,1.4859730450596758
sigma_z_um,q1,21,1.1485025219923761,1.2675631934519684
sigma_z_um,q1,22,1.4395684581320445,1.7153569413591505
sigma_z_um,q1,23,1.4079593723814248,1.6667275786658895
sigma_z_um,q1,24,1.2757112327557776,1.46326890231874
sigma_z_um,q1,25,1.3647651542257226,1.6002749353494248
sigma_z_um,q1,26,1.5578323499187399,1.8973013902617588
sigma_z_um,q1,27,1.4908929225552607,1.7943176558564065
sigma_z_um,q1,28,1.2100243890372802,1.3622122196748978
sigma_z_um,q1,29,1.6148920529214272,1.9850855487274317
sigma_z_um,q1,30,1.454351726230547,1.738100430741462
sigma_z_um,q1,31,1.5325227318845978,1.8583635163630787
sigma_z_um,q1,32,1.7078951359585828,2.1281672149384403
sigma_z_um,q1,33,1.2146588406309977,1.369342145203694
sigma_z_um,q1,34,1.5998078445705246,1.9618790743414276
sigma_z_um,q1,35,1.3998561409433159,1.6542610687611066
sigma_z_um,q1,36,1.6049320274137509,1.9697624325617757
sigma_z_um,q1,37,1.6763926213355462,2.0797018078260763
sigma_z_um,q1,38,1.5661728819420864,1.9101329779899843
sigma_z_um,q1,39,1.5563062186264454,1.8949534959659211
sigma_z_um,q1,40,1.6057826786334148,1.9710711267458743
sigma_z_um,q1,41,1.322999594727998,1.5360202284298483
sigma_z_um,q1,42,1.5323443334438576,1.8580890572234785
sigma_z_um,q1,43,1.4335077368095481,1.7060327547091563
sigma_z_um,q1,44,1.506199180892895,1.8178657456066127
sigma_z_um,q1,45,1.5852411858946456,1.9394688302246907
sigma_z_um,q1,46,1.5371937303194603,1.8655496678013288
sigma_z_um,q1,47,1.4784019879776107,1.7751008334292524
sigma_z_um,q1,48,1.4269113539582028,1.6958844733993941
sigma_z_um,q1,49,1.5718623116841928,1.918885946823994
sigma_z_um,q1,50,1.6610772451428515,2.0561396906065461
sigma_z_um,q1,51,1.6731324924738837,2.0746862249619804
sigma_z_um,q1,52,1.5787034675191807,1.9294108019547447
sigma_z_um,q1,53,1.5246369685376617,1.8462315727524079
sigma_z_um,q1,54,1.3673816894539375,1.6043003741620629
sigma_z_um,q1,55,1.5015422247615882,1.8107011977122947
sigma_z_um,q1,56,1.4770162429498486,1.7729689180019261
sigma_z_um,q1,57,1.7026844666961967,2.1201508006886156
sigma_z_um,q1,58,1.4839133196173397,1.7835798051826817
sigma_z_um,q1,59,1.4171808395181695,1.6809144511839584
sigma_z_um,q1,60,1.419400471888866,1.684329270215799
sigma_z_um,q1,61,1.6269613691622371,2.0036537275594468
sigma_z_um,q1,62,1.5285398766065565,1.8522360467045538
sigma_z_um,q1,63,1.4938473438471362,1.7988629193823686
sigma_z_um,q2,0,1.436869382978669,1.7201496365743489
sigma_z_um,q2,1,1.6492992767440249,2.0469648577518198
sigma_z_um,q2,2,1.6468021992833346,2.0431232001199886
sigma_z_um,q2,3,1.602244029089642,1.9745721690527691
sigma_z_um,q2,4,1.5157933281147595,1.841571090629873
sigma_z_um,q2,5,1.7369726398905099,2.1818469549002582
sigma_z_um,q2,6,1.6944734978698093,2.1164636594837956
sigma_z_um,q2,7,1.5626626515977398,1.9136777421421503
sigma_z_um,q2,8,1.4364443847815935,1.719495793194233
sigma_z_um,q2,9,1.6828468134998362,2.09857645276076
sigma_z_um,q2,10,1.6976349552688095,2.1213274400976418
sigma_z_um,q2,11,1.4742202730720915,1.7776125444103836
sigma_z_um,q2,12,1.5271377871842031,1.859024104582863
sigma_z_um,q2,13,1.704629637009953,2.1320884889301706
sigma_z_um,q2,14,1.4813282927020408,1.7885479592256903
sigma_z_um,q2,15,1.5699515770476944,1.9248914736036189
sigma_z_um,q2,16,1.6680446629943342,2.075803913521526
sigma_z_um,q2,17,1.7695759140183358,2.2320058381738366
sigma_z_um,q2,18,1.6144878558541287,1.9934088256135178
sigma_z_um,q2,19,1.6254115484490608,2.010214506528798
sigma_z_um,q2,20,1.5452672408722028,1.8869155717951702
sigma_z_um,q2,21,1.5589698286666751,1.9079964760943584
sigma_z_um,q2,22,1.7478333197687381,2.1985556931744554
sigma_z_um,q2,23,1.5421938997731148,1.8821873547196504
sigma_z_um,q2,24,1.5589385075673172,1.9079482897876541
sigma_z_um,q2,25,1.6321892424775761,2.0206417281111291
sigma_z_um,q2,26,1.4566619373828771,1.7505997202731307
sigma_z_um,q2,27,1.5046122713274193,1.8243694648031956
sigma_z_um,q2,28,1.673436152008412,2.0840985120047231
sigma_z_um,q2,29,1.6665851125940283,2.0735584513672096
sigma_z_um,q2,30,1.5617345816414352,1.9122499422093739
sigma_z_um,q2,31,1.5261131605095779,1.8574477558526703
sigma_z_um,q2,32,1.5049182765600204,1.8248402420841203
sigma_z_um,q2,33,1.6321589870950339,2.0205951813687566
sigma_z_um,q2,34,1.3719211549727111,1.6202292857959522
sigma_z_um,q2,35,1.3872433918852054,1.6438019579690204
sigma_z_um,q2,36,1.5349460152954475,1.8710367632155467
sigma_z_um,q2,37,1.5277720920379465,1.8599999582040068
sigma_z_um,q2,38,1.7292196883443758,2.1699193371369749
sigma_z_um,q2,39,1.6414320257236212,2.0348613946435061
sigma_z_um,q2,40,1.4080280970526937,1.6757784274574641
sigma_z_um,q2,41,1.5169185040827458,1.843302130580621
sigma_z_um,q2,42,1.6890492223612319,2.1081186202398303
sigma_z_um,q2,43,1.7780812896422546,2.2450910314414037
sigma_z_um,q2,44,1.6054220676045854,1.9794614590757589
sigma_z_um,q2,45,1.6053872796279895,1.9794079391117652
sigma_z_um,q2,46,1.4534756968920566,1.7456978118257145
sigma_z_um,q2,47,1.667110085145405,2.0743661014462504
sigma_z_um,q2,48,1.3796615902746816,1.6321376477989837
sigma_z_um,q2,49,1.701423308491834,2.1271556758253722
sigma_z_um,q2,50,1.7970563129292365,2.2742833749598375
sigma_z_um,q2,51,1.4824256666921651,1.7902362269028047
sigma_z_um,q2,52,1.384220964928828,1.6391520703438243
sigma_z_um,q2,53,1.5860570876248989,1.9496691821839336
sigma_z_um,q2,54,1.5295204982569963,1.8626898139256218
sigma_z_um,q2,55,1.5902921319751351,1.9561846350304506
sigma_z_um,q2,56,1.5778750797705752,1.9370814777926662
sigma_z_um,q2,57,1.4106625721192667,1.6798314660214224
sigma_z_um,q2,58,1.5495566576517383,1.8935146745329172
sigma_z_um,q2,59,1.7207964533309603,2.1569605140394126
sigma_z_um,q2,60,1.6143018499867907,1.9931226627406902
sigma_z_um,q2,61,1.5649135214852485,1.9171406188921636
sigma_z_um,q2,62,1.5647499846848945,1.9168890238146958
sigma_z_um,q2,63,1.7490534626582499,2.2004328360813967
sigma_z_um,delta_21,0,-0.14106063752279585,-0.20807124689160203
sigma_z_um,delta_21,1,0.21509316526597222,0.33985768047573345
sigma_z_um,delta_21,2,0.23081454303224058,0.36404441550076166
sigma_z_um,delta_21,3,0.17059281880453336,0.27139560899659676
sigma_z_um,delta_21,4,-0.050090253350428382,-0.068116809703344397
sigma_z_um,delta_21,5,0.12739076322857845,0.20493090811051226
sigma_z_um,delta_21,6,0.13301392056764572,0.21358191940138496
sigma_z_um,delta_21,7,0.11055087965015353,0.17902339491293545
sigma_z_um,delta_21,8,-0.0064295252274324532,-0.00094645874488912939
sigma_z_um,delta_21,9,0.43198289712409488,0.67353419102669132
sigma_z_um,delta_21,10,0.27594876800669632,0.43348168469223203
sigma_z_um,delta_21,11,-0.064915433832402281,-0.090924779675611939
sigma_z_um,delta_21,12,0.036024293002364205,0.064367107762490341
sigma_z_um,delta_21,13,0.36361766105469218,0.56835690476607181
sigma_z_um,delta_21,14,-0.11487571484709824,-0.16778675046745187
sigma_z_um,delta_21,15,0.14903366743703073,0.23822768381582343
sigma_z_um,delta_21,16,0.20419101420717634,0.32308514038527825
sigma_z_um,delta_21,17,0.35193667864982592,0.55038616260473916
sigma_z_um,delta_21,18,0.1775902829800251,0.28216093849735324
sigma_z_um,delta_21,19,0.060957023572268731,0.10272515479311269
sigma_z_um,delta_21,20,0.254798315334817,0.40094252673549463
sigma_z_um,delta_21,21,0.41046730667429898,0.64043328264238997
sigma_z_um,delta_21,22,0.30826486163669364,0.48319875181530486
sigma_z_um,delta_21,23,0.13423452739169006,0.21545977605376088
sigma_z_um,delta_21,24,0.28322727481153964,0.44467938746891406
sigma_z_um,delta_21,25,0.26742408825185349,0.42036679276170463
sigma_z_um,delta_21,26,-0.10117041253586279,-0.1467016699886281
sigma_z_um,delta_21,27,0.013719348772158524,0.030051808946789296
sigma_z_um,delta_21,28,0.46341176297113185,0.72188629232982515
sigma_z_um,delta_21,29,0.051693059672601072,0.088472902639777834
sigma_z_um,delta_21,30,0.10738285541088821,0.17414951146791188
sigma_z_um,delta_21,31,-0.0064095713750198513,-0.00091576051040820339
sigma_z_um,delta_21,32,-0.20297685939856236,-0.30332697285431975
sigma_z_um,delta_21,33,0.41750014646403621,0.65125303616506269
sigma_z_um,delta_21,34,-0.22788668959781355,-0.3416497885454754
sigma_z_um,delta_21,35,-0.012612749058110495,-0.010459110792086116
sigma_z_um,delta_21,36,-0.069986012118303353,-0.098725669346228978
sigma_z_um,delta_21,37,-0.14862052929759972,-0.21970184962206954
sigma_z_um,delta_21,38,0.16304680640228941,0.25978635914699066
sigma_z_um,delta_21,39,0.085125807097175876,0.13990789867758521
sigma_z_um,delta_21,40,-0.19775458158072112,-0.29529269928841018
sigma_z_um,delta_21,41,0.19391890935474776,0.30728190215077272
sigma_z_um,delta_21,42,0.15670488891737433,0.25002956301635204
sigma_z_um,delta_21,43,0.34457355283270652,0.53905827673224771
sigma_z_um,delta_21,44,0.099222886711690439,0.16159571346914609
sigma_z_um,delta_21,45,0.020146093733343973,0.039939108887074602
sigma_z_um,delta_21,46,-0.083718033427403693,-0.11985185597561411
sigma_z_um,delta_21,47,0.18870809716779435,0.29926526801699826
sigma_z_um,delta_21,48,-0.047249763683521184,-0.063746825600410256
sigma_z_um,delta_21,49,0.12956099680764122,0.20826972900137805
sigma_z_um,delta_21,50,0.13597906778638502,0.21814368435329159
sigma_z_um,delta_21,51,-0.1907068257817186,-0.28444999805917548
sigma_z_um,delta_21,52,-0.19448250259035271,-0.29025873161092031
sigma_z_um,delta_21,53,0.061420119087237213,0.10343760943152573
sigma_z_um,delta_21,54,0.16213880880305886,0.25838943976355905
sigma_z_um,delta_21,55,0.088749907213546919,0.14548343731815605
sigma_z_um,delta_21,56,0.10085883682072661,0.16411255979074019
sigma_z_um,delta_21,57,-0.29202189457692995,-0.44031933466719297
sigma_z_um,delta_21,58,0.065643338034398591,0.10993486935023555
sigma_z_um,delta_21,59,0.30361561381279079,0.47604606285545431
sigma_z_um,delta_21,60,0.19490137809792474,0.30879339252489113
sigma_z_um,delta_21,61,-0.062047847676988566,-0.086513108667283151
sigma_z_um,delta_21,62,0.03621010807833791,0.064652977110142201
sigma_z_um,delta_21,63,0.25520611881111366,0.40156991669902797
sigma_z_um,ratio_21,0,0.91060399657142788,-0.54071769858870244
sigma_z_um,ratio_21,1,1.1499736778030483,1.1291662228008557
sigma_z_um,ratio_21,2,1.1630060417640469,1.209796293242192
sigma_z_um,ratio_21,3,1.1191580865360078,0.934818901905488
sigma_z_um,ratio_21,4,0.96801150868217212,-0.10328914352257243
sigma_z_um,ratio_21,5,1.0791452519910145,0.67432309655204903
sigma_z_um,ratio_21,6,1.0851856317647766,0.71426077201532434
sigma_z_um,ratio_21,7,1.0761311090412011,0.65431055572533059
sigma_z_um,ratio_21,8,0.99554394518964429,0.097375569273079457
sigma_z_um,ratio_21,9,1.3453476365164678,2.2518852517141879
sigma_z_um,ratio_21,10,1.1940996335753387,1.3985772141504698
sigma_z_um,ratio_21,11,0.95782345017324033,-0.17899290937080065
sigma_z_um,ratio_21,12,1.0241593233130322,0.30013546099437549
sigma_z_um,ratio_21,13,1.2711516881090279,1.8459870942087953
sigma_z_um,ratio_21,14,0.92803193432430864,-0.40507252920017883
sigma_z_um,ratio_21,15,1.1048854873522331,0.8429842027001665
sigma_z_um,ratio_21,16,1.1394886806999827,1.0636303766059787
sigma_z_um,ratio_21,17,1.2482554587016219,1.7159346150589792
sigma_z_um,ratio_21,18,1.1235928616851976,0.96311536733273562
sigma_z_um,ratio_21,19,1.0389637554834452,0.40282238375917795
sigma_z_um,ratio_21,20,1.1974463005598621,1.4186023340013536
sigma_z_um,ratio_21,21,1.3573934743845724,2.3156640760377778
sigma_z_um,ratio_21,22,1.2141369935520065,1.5176444943019318
sigma_z_um,ratio_21,23,1.0953397733093999,0.78089943412771123
sigma_z_um,ratio_21,24,1.2220151924191458,1.5639214846037361
sigma_z_um,ratio_21,25,1.1959487956032788,1.4096487895047678
sigma_z_um,ratio_21,26,0.93505693180582616,-0.35111454351962673
sigma_z_um,ratio_21,27,1.0092021020185975,0.19487015916383868
sigma_z_um,ratio_21,28,1.3829772086989351,2.4492646455530243
sigma_z_um,ratio_21,29,1.0320102260575781,0.35477460068836714
sigma_z_um,ratio_21,30,1.0738355471198207,0.63903142943591795
sigma_z_um,ratio_21,31,0.99581763373445187,0.099342312066440355
sigma_z_um,ratio_21,32,0.88115379268608407,-0.7759457909325338
sigma_z_um,ratio_21,33,1.3437180321736686,2.2432131994543534
sigma_z_um,ratio_21,34,0.8575537116090397,-0.97019296410453237
sigma_z_um,ratio_21,35,0.99098996769081482,0.064570819781527636
sigma_z_um,ratio_21,36,0.95639316125363794,-0.18968527601116092
sigma_z_um,ratio_21,37,0.91134503492433838,-0.53489739612677678
sigma_z_um,ratio_21,38,1.1041052416896071,0.83792969856797506
sigma_z_um,ratio_21,39,1.0546973378878519,0.51036249464656958
sigma_z_um,ratio_21,40,0.87684847756047646,-0.81099090271118512
sigma_z_um,ratio_21,41,1.1465751842460816,1.1079898221139022
sigma_z_um,ratio_21,42,1.1022648013878114,0.82599299108689295
sigma_z_um,ratio_21,43,1.24037090556595,1.6705968708719872
sigma_z_um,ratio_21,44,1.0658763382495466,0.5858012814181941
sigma_z_um,ratio_21,45,1.0127085354030683,0.21968692247997607
sigma_z_um,ratio_21,46,0.94553839781144222,-0.27135691325980799
sigma_z_um,ratio_21,47,1.127643292353752,0.98886207396512737
sigma_z_um,ratio_21,48,0.96688668602120798,-0.11160806556740689
sigma_z_um,ratio_21,49,1.082425156354071,0.69603676466647724
sigma_z_um,ratio_21,50,1.0818619773306755,0.692313081937448
sigma_z_um,ratio_21,51,0.88601809680969101,-0.73655596241958776
sigma_z_um,ratio_21,52,0.87680871893189161,-0.81131533775762676
sigma_z_um,ratio_21,53,1.0402850779265491,0.41191614341068045
sigma_z_um,ratio_21,54,1.1185761152526541,0.93109726385409641
sigma_z_um,ratio_21,55,1.0591058351540121,0.54020722970929613
sigma_z_um,ratio_21,56,1.0682855298999925,0.60195547362178858
sigma_z_um,ratio_21,57,0.82849324094466281,-1.2168633758636038
sigma_z_um,ratio_21,58,1.0442366391396272,0.43904327524476255
sigma_z_um,ratio_21,59,1.2142391467245759,1.5182464672432106
sigma_z_um,ratio_21,60,1.137312465338665,1.0499525223946653
sigma_z_um,ratio_21,61,0.96186274065687338,-0.14888250732516078
sigma_z_um,ratio_21,62,1.0236893447351378,0.29685132389867402
sigma_z_um,ratio_21,63,1.1708381514766268,1.2578193280139436
aspect_ratio_y_over_z,q1,0,7.2342095820457857,-5.4554830565796326
aspect_ratio_y_over_z,q1,1,6.8333446946787477,-5.7681550510933404
aspect_ratio_y_over_z,q1,2,7.9413852926645987,-4.9439328763735482
aspect_ratio_y_over_z,q1,3,7.4836968230215408,-5.269516058202627
aspect_ratio_y_over_z,q1,4,7.4644965028116657,-5.2836060902095587
aspect_ratio_y_over_z,q1,5,7.1910646082035781,-5.4882925408185752
aspect_ratio_y_over_z,q1,6,7.2030100668651098,-5.4791889830359928
aspect_ratio_y_over_z,q1,7,7.288205392837602,-5.4146966728563726
aspect_ratio_y_over_z,q1,8,7.5741075743987807,-5.2036509178819825
aspect_ratio_y_over_z,q1,9,9.245110346945534,-4.1102022240998011
aspect_ratio_y_over_z,q1,10,7.6307637846663487,-5.1627758246533881
aspect_ratio_y_over_z,q1,11,7.2432025763224024,-5.4486690051127065
aspect_ratio_y_over_z,q1,12,7.6205561674640547,-5.1701177334124475
aspect_ratio_y_over_z,q1,13,7.7389796234256751,-5.0855391860796288
aspect_ratio_y_over_z,q1,14,7.3865506287898812,-5.341180834512179
aspect_ratio_y_over_z,q1,15,7.5977432644901839,-5.1865617054233866
aspect_ratio_y_over_z,q1,16,7.3827903448910881,-5.3439737095386635
aspect_ratio_y_over_z,q1,17,7.7141940077117672,-5.1031335825934638
aspect_ratio_y_over_z,q1,18,7.3135423885577433,-5.3956621196764925
aspect_ratio_y_over_z,q1,19,7.6628966354403349,-5.1397279741406967
aspect_ratio_y_over_z,q1,20,8.2836973690933817,-4.7124644670410145
aspect_ratio_y_over_z,q1,21,8.4697398098259598,-4.5906446522810525
aspect_ratio_y_over_z,q1,22,7.4840564071431217,-5.2692525246802502
aspect_ratio_y_over_z,q1,23,7.6159440255700943,-5.1734382788465405
aspect_ratio_y_over_z,q1,24,8.8254745034745437,-4.3649852128095539
aspect_ratio_y_over_z,q1,25,7.9997605474420164,-4.9037627525488041
aspect_ratio_y_over_z,q1,26,6.9170338804743299,-5.701389563481805
aspect_ratio_y_over_z,q1,27,6.7011795196617063,-5.8752773346081408
aspect_ratio_y_over_z,q1,28,8.441853110402846,-4.608733252827764
aspect_ratio_y_over_z,q1,29,7.1497871219010944,-5.5198666764916773
aspect_ratio_y_over_z,q1,30,7.2876980607628656,-5.4150784841872408
aspect_ratio_y_over_z,q1,31,7.4048358233023039,-5.3276201098840437
aspect_ratio_y_over_z,q1,32,6.9602912670886026,-5.6671957218553883
aspect_ratio_y_over_z,q1,33,9.1287621394222676,-4.1796657427831532
aspect_ratio_y_over_z,q1,34,6.9105274162898773,-5.706551248016595
aspect_ratio_y_over_z,q1,35,8.2698242535466875,-4.7216578569518495
aspect_ratio_y_over_z,q1,36,7.3139319660616922,-5.3953699625390845
aspect_ratio_y_over_z,q1,37,6.4408103332511457,-6.0926361536350964
aspect_ratio_y_over_z,q1,38,7.5753747618383427,-5.2027333566779674
aspect_ratio_y_over_z,q1,39,7.4962945204360869,-5.2602909453449271
aspect_ratio_y_over_z,q1,40,6.8457080833134736,-5.758240487803941
aspect_ratio_y_over_z,q1,41,7.7600758028548409,-5.0706081198246089
aspect_ratio_y_over_z,q1,42,7.0578738728006503,-5.5908332058526042
aspect_ratio_y_over_z,q1,43,7.5759072151143769,-5.2023478569304205
aspect_ratio_y_over_z,q1,44,7.1265052278395977,-5.5377560542988844
aspect_ratio_y_over_z,q1,45,6.9241617915643792,-5.6957404450565896
aspect_ratio_y_over_z,q1,46,7.4417680817500766,-5.3003321156303134
aspect_ratio_y_over_z,q1,47,7.0407275677486973,-5.604174154174359
aspect_ratio_y_over_z,q1,48,7.0236677063267088,-5.6174801267385792
aspect_ratio_y_over_z,q1,49,7.296746124075983,-5.4082730195914168
aspect_ratio_y_over_z,q1,50,7.1602367624658108,-5.5118562978342425
aspect_ratio_y_over_z,q1,51,7.2166319071040945,-5.4688262714904008
aspect_ratio_y_over_z,q1,52,7.3080978756751094,-5.3997467704382904
aspect_ratio_y_over_z,q1,53,7.6381873387405159,-5.1574425410204139
aspect_ratio_y_over_z,q1,54,7.2451113684276089,-5.4472237891170741
aspect_ratio_y_over_z,q1,55,7.4378865338040505,-5.3031936837550759
aspect_ratio_y_over_z,q1,56,7.2311136969275465,-5.4578307894169589
aspect_ratio_y_over_z,q1,57,6.4835650666957436,-6.0563477220099644
aspect_ratio_y_over_z,q1,58,7.6160779858394703,-5.1733418048147479
aspect_ratio_y_over_z,q1,59,7.6969992493620563,-5.1153727525500585
aspect_ratio_y_over_z,q1,60,7.7733632120546075,-5.0612246216434968
aspect_ratio_y_over_z,q1,61,5.9515095886737601,-6.525988424065214
aspect_ratio_y_over_z,q1,62,7.1508439910089594,-5.519055980593655
aspect_ratio_y_over_z,q1,63,7.8975701200776669,-4.974278151081938
aspect_ratio_y_over_z,q2,0,7.1843714838723436,-5.4939309586084564
aspect_ratio_y_over_z,q2,1,6.7985108165101042,-5.7967171452795805
aspect_ratio_y_over_z,q2,2,6.5121057782941314,-6.0327875212655604
aspect_ratio_y_over_z,q2,3,6.7530606064155982,-5.8335079968530588
aspect_ratio_y_over_z,q2,4,6.787895476954553,-5.8052879451893959
aspect_ratio_y_over_z,q2,5,6.3618855662540481,-6.1607924948961905
aspect_ratio_y_over_z,q2,6,6.9372445771623008,-5.6859180142436836
aspect_ratio_y_over_z,q2,7,7.6243400700137363,-5.1679260031764205
aspect_ratio_y_over_z,q2,8,7.1533435566594017,-5.5176701254370251
aspect_ratio_y_over_z,q2,9,6.702870659012194,-5.8744243548442752
aspect_ratio_y_over_z,q2,10,6.7705387590782502,-5.8193306341897753
aspect_ratio_y_over_z,q2,11,7.7574036753694573,-5.0730281203020962
aspect_ratio_y_over_z,q2,12,7.0263747290565632,-5.6158976251037807
aspect_ratio_y_over_z,q2,13,7.0219590847374738,-5.6193455774494288
aspect_ratio_y_over_z,q2,14,7.1280845127483632,-5.5370717322506033
aspect_ratio_y_over_z,q2,15,7.5801520880435236,-5.199806526887234
aspect_ratio_y_over_z,q2,16,6.6697106411865166,-5.9016258247980424
aspect_ratio_y_over_z,q2,17,6.3351161585639515,-6.1839200754339414
aspect_ratio_y_over_z,q2,18,6.542501097963461,-6.0072466518239249
aspect_ratio_y_over_z,q2,19,6.5348301413761272,-6.0136812647291569
aspect_ratio_y_over_z,q2,20,6.6136412871316868,-5.9479291764423108
aspect_ratio_y_over_z,q2,21,7.3912325370223027,-5.3382364459155429
aspect_ratio_y_over_z,q2,22,6.7876247199563373,-5.8055067290016815
aspect_ratio_y_over_z,q2,23,7.5968418495102892,-5.1877434937934153
aspect_ratio_y_over_z,q2,24,6.822750139293702,-5.777196435604627
aspect_ratio_y_over_z,q2,25,6.963548873289537,-5.6651602971670867
aspect_ratio_y_over_z,q2,26,7.8586792364312084,-5.0018853757086283
aspect_ratio_y_over_z,q2,27,7.1521086560412677,-5.518617065287013
aspect_ratio_y_over_z,q2,28,6.9126402545656687,-5.7054055839906557
aspect_ratio_y_over_z,q2,29,6.2562791241032905,-6.2526038369920558
aspect_ratio_y_over_z,q2,30,6.5223670187995841,-6.0241518030728134
aspect_ratio_y_over_z,q2,31,7.5075155605951664,-5.2526180016324542
aspect_ratio_y_over_z,q2,32,6.9692892969350089,-5.660640735134721
aspect_ratio_y_over_z,q2,33,7.0919088724872887,-5.5649785132343554
aspect_ratio_y_over_z,q2,34,8.0321515610408838,-4.8821306052757176
aspect_ratio_y_over_z,q2,35,7.795493024809466,-5.0461632275617845
aspect_ratio_y_over_z,q2,36,6.3057778064142864,-6.2093796231192986
aspect_ratio_y_over_z,q2,37,7.8900188150025006,-4.980056013644389
aspect_ratio_y_over_z,q2,38,6.1551247316293223,-6.3420095827380845
aspect_ratio_y_over_z,q2,39,7.4026705037155081,-5.3297552299689039
aspect_ratio_y_over_z,q2,40,6.9544123135789437,-5.6723614016675583
aspect_ratio_y_over_z,q2,41,7.7969147153303471,-5.0451630344458049
aspect_ratio_y_over_z,q2,42,6.2793744621570662,-6.2323936743813055
aspect_ratio_y_over_z,q2,43,6.3253272669825105,-6.1924016534896413
aspect_ratio_y_over_z,q2,44,7.1143026890918968,-5.5476866347835303
aspect_ratio_y_over_z,q2,45,7.6852016443362352,-5.1243170908592761
aspect_ratio_y_over_z,q2,46,7.2497480014734235,-5.4442458284011579
aspect_ratio_y_over_z,q2,47,6.8165459513998057,-5.7821862568710305
aspect_ratio_y_over_z,q2,48,6.8039169436073657,-5.7923573929182179
aspect_ratio_y_over_z,q2,49,5.8712525512300546,-6.6009862636263863
aspect_ratio_y_over_z,q2,50,6.5747678861652741,-5.9802627240838158
aspect_ratio_y_over_z,q2,51,6.9326747984598383,-5.6895322229154592
aspect_ratio_y_over_z,q2,52,6.9559674574308161,-5.6711350259077875
aspect_ratio_y_over_z,q2,53,7.0452183766164209,-5.6012078908554308
aspect_ratio_y_over_z,q2,54,6.9022331316160521,-5.7136693085604495
aspect_ratio_y_over_z,q2,55,6.8363791621636905,-5.7662509805146929
aspect_ratio_y_over_z,q2,56,6.2433411584509511,-6.263958161546169
aspect_ratio_y_over_z,q2,57,7.9119665628602913,-4.9648200277793739
aspect_ratio_y_over_z,q2,58,6.7302532770674235,-5.8520633907742541
aspect_ratio_y_over_z,q2,59,6.6664402477948972,-5.9043158817819892
aspect_ratio_y_over_z,q2,60,6.6968944546344149,-5.8793167357177225
aspect_ratio_y_over_z,q2,61,6.2839864699390446,-6.2283667248262047
aspect_ratio_y_over_z,q2,62,7.0293068020397724,-5.6136093151525506
aspect_ratio_y_over_z,q2,63,6.8019284029092448,-5.7939606417491643
aspect_ratio_y_over_z,delta_21,0,-0.049838098173442091,
aspect_ratio_y_over_z,delta_21,1,-0.034833878168643473,
aspect_ratio_y_over_z,delta_21,2,-1.4292795143704673,
aspect_ratio_y_over_z,delta_21,3,-0.73063621660594258,
aspect_ratio_y_over_z,delta_21,4,-0.67660102585711268,
aspect_ratio_y_over_z,delta_21,5,-0.82917904194952996,
aspect_ratio_y_over_z,delta_21,6,-0.265765489702809,
aspect_ratio_y_over_z,delta_21,7,0.33613467717613421,
aspect_ratio_y_over_z,delta_21,8,-0.42076401773937899,
aspect_ratio_y_over_z,delta_21,9,-2.54223968793334,
aspect_ratio_y_over_z,delta_21,10,-0.86022502558809855,
aspect_ratio_y_over_z,delta_21,11,0.51420109904705491,
aspect_ratio_y_over_z,delta_21,12,-0.59418143840749149,
aspect_ratio_y_over_z,delta_21,13,-0.71702053868820137,
aspect_ratio_y_over_z,delta_21,14,-0.25846611604151803,
aspect_ratio_y_over_z,delta_21,15,-0.017591176446660306,
aspect_ratio_y_over_z,delta_21,16,-0.71307970370457152,
aspect_ratio_y_over_z,delta_21,17,-1.3790778491478157,
aspect_ratio_y_over_z,delta_21,18,-0.77104129059428228,
aspect_ratio_y_over_z,delta_21,19,-1.1280664940642078,
aspect_ratio_y_over_z,delta_21,20,-1.670056081961695,
aspect_ratio_y_over_z,delta_21,21,-1.0785072728036571,
aspect_ratio_y_over_z,delta_21,22,-0.69643168718678439,
aspect_ratio_y_over_z,delta_21,23,-0.019102176059805132,
aspect_ratio_y_over_z,delta_21,24,-2.0027243641808417,
aspect_ratio_y_over_z,delta_21,25,-1.0362116741524794,
aspect_ratio_y_over_z,delta_21,26,0.94164535595687848,
aspect_ratio_y_over_z,delta_21,27,0.45092913637956133,
aspect_ratio_y_over_z,delta_21,28,-1.5292128558371774,
aspect_ratio_y_over_z,delta_21,29,-0.89350799779780399,
aspect_ratio_y_over_z,delta_21,30,-0.7653310419632815,
aspect_ratio_y_over_z,delta_21,31,0.10267973729286251,
aspect_ratio_y_over_z,delta_21,32,0.0089980298464062969,
aspect_ratio_y_over_z,delta_21,33,-2.0368532669349788,
aspect_ratio_y_over_z,delta_21,34,1.1216241447510065,
aspect_ratio_y_over_z,delta_21,35,-0.47433122873722144,
aspect_ratio_y_over_z,delta_21,36,-1.0081541596474057,
aspect_ratio_y_over_z,delta_21,37,1.4492084817513549,
aspect_ratio_y_over_z,delta_21,38,-1.4202500302090204,
aspect_ratio_y_over_z,delta_21,39,-0.093624016720578851,
aspect_ratio_y_over_z,delta_21,40,0.10870423026547016,
aspect_ratio_y_over_z,delta_21,41,0.036838912475506191,
aspect_ratio_y_over_z,delta_21,42,-0.77849941064358408,
aspect_ratio_y_over_z,delta_21,43,-1.2505799481318665,
aspect_ratio_y_over_z,delta_21,44,-0.012202538747700942,
aspect_ratio_y_over_z,delta_21,45,0.76103985277185604,
aspect_ratio_y_over_z,delta_21,46,-0.19202008027665318,
aspect_ratio_y_over_z,delta_21,47,-0.22418161634889167,
aspect_ratio_y_over_z,delta_21,48,-0.21975076271934313,
aspect_ratio_y_over_z,delta_21,49,-1.4254935728459284,
aspect_ratio_y_over_z,delta_21,50,-0.58546887630053668,
aspect_ratio_y_over_z,delta_21,51,-0.28395710864425627,
aspect_ratio_y_over_z,delta_21,52,-0.35213041824429325,
aspect_ratio_y_over_z,delta_21,53,-0.592968962124095,
aspect_ratio_y_over_z,delta_21,54,-0.34287823681155682,
aspect_ratio_y_over_z,delta_21,55,-0.60150737164036006,
aspect_ratio_y_over_z,delta_21,56,-0.98777253847659541,
aspect_ratio_y_over_z,delta_21,57,1.4284014961645477,
aspect_ratio_y_over_z,delta_21,58,-0.88582470877204678,
aspect_ratio_y_over_z,delta_21,59,-1.0305590015671591,
aspect_ratio_y_over_z,delta_21,60,-1.0764687574201925,
aspect_ratio_y_over_z,delta_21,61,0.33247688126528452,
aspect_ratio_y_over_z,delta_21,62,-0.12153718896918697,
aspect_ratio_y_over_z,delta_21,63,-1.0956417171684221,
aspect_ratio_y_over_z,ratio_21,0,0.99311077490799649,-0.038447902028824595
aspect_ratio_y_over_z,ratio_21,1,0.99490236776790009,-0.028562094186239822
aspect_ratio_y_over_z,ratio_21,2,0.82002138648395728,-1.0888546448920136
aspect_ratio_y_over_z,ratio_21,3,0.90236961305563035,-0.56399193865043173
aspect_ratio_y_over_z,ratio_21,4,0.90935744619851366,-0.52168185497983821
aspect_ratio_y_over_z,ratio_21,5,0.88469314529539878,-0.67249995407761676
aspect_ratio_y_over_z,ratio_21,6,0.96310355153807592,-0.20672903120769134
aspect_ratio_y_over_z,ratio_21,7,1.046120362840826,0.2467706696799532
aspect_ratio_y_over_z,ratio_21,8,0.94444705021597497,-0.31401920755504353
aspect_ratio_y_over_z,ratio_21,9,0.72501791838825769,-1.7642221307444745
aspect_ratio_y_over_z,ratio_21,10,0.88726881739981533,-0.65655480953638867
aspect_ratio_y_over_z,ratio_21,11,1.0709908488170616,0.3756408848106102
aspect_ratio_y_over_z,ratio_21,12,0.92202912420692495,-0.4457798916913337
aspect_ratio_y_over_z,ratio_21,13,0.90734947324091664,-0.53380639136979913
aspect_ratio_y_over_z,ratio_21,14,0.96500855012972919,-0.19589089773842486
aspect_ratio_y_over_z,ratio_21,15,0.9976846840128335,-0.013244821463847766
aspect_ratio_y_over_z,ratio_21,16,0.90341325293111907,-0.55765211525937974
aspect_ratio_y_over_z,ratio_21,17,0.82122852396904045,-1.0807864928404771
aspect_ratio_y_over_z,ratio_21,18,0.89457348441699069,-0.61158453214743325
aspect_ratio_y_over_z,ratio_21,19,0.85278850182488652,-0.87395329058846183
aspect_ratio_y_over_z,ratio_21,20,0.79839243183934949,-1.2354647094012974
aspect_ratio_y_over_z,ratio_21,21,0.87266347054103677,-0.74759179363449046
aspect_ratio_y_over_z,ratio_21,22,0.90694462343681981,-0.53625420432143145
aspect_ratio_y_over_z,ratio_21,23,0.99749181769250528,-0.01430521494687449
aspect_ratio_y_over_z,ratio_21,24,0.77307459634126419,-1.4122112227950743
aspect_ratio_y_over_z,ratio_21,25,0.87046966368464418,-0.76139754461828291
aspect_ratio_y_over_z,ratio_21,26,1.1361342697214469,0.69950418777317747
aspect_ratio_y_over_z,ratio_21,27,1.067291009747837,0.35666026932112826
aspect_ratio_y_over_z,ratio_21,28,0.81885341573253179,-1.096672331162893
aspect_ratio_y_over_z,ratio_21,29,0.87503012571369754,-0.73273716050037918
aspect_ratio_y_over_z,ratio_21,30,0.89498315715303278,-0.60907331888557348
aspect_ratio_y_over_z,ratio_21,31,1.0138665785093761,0.075002108251589469
aspect_ratio_y_over_z,ratio_21,32,1.0012927662796172,0.0065549867206660412
aspect_ratio_y_over_z,ratio_21,33,0.7768751955822254,-1.3853127704512038
aspect_ratio_y_over_z,ratio_21,34,1.1623065906817838,0.82442064274087601
aspect_ratio_y_over_z,ratio_21,35,0.94264313071299011,-0.32450537060993512
aspect_ratio_y_over_z,ratio_21,36,0.86215975697812475,-0.81400966058021396
aspect_ratio_y_over_z,ratio_21,37,1.2250040610992241,1.1125801399907074
aspect_ratio_y_over_z,ratio_21,38,0.81251752225333296,-1.1392762260601157
aspect_ratio_y_over_z,ratio_21,39,0.98751062722184346,-0.069464284623977093
aspect_ratio_y_over_z,ratio_21,40,1.0158791799098823,0.085879086136383384
aspect_ratio_y_over_z,ratio_21,41,1.0047472361625582,0.025445085378802263
aspect_ratio_y_over_z,ratio_21,42,0.88969774401272117,-0.64156046852870185
aspect_ratio_y_over_z,ratio_21,43,0.83492670743948838,-0.9900537965592211
aspect_ratio_y_over_z,ratio_21,44,0.99828772471813643,-0.0099305804846469437
aspect_ratio_y_over_z,ratio_21,45,1.1099107553637786,0.57142335419731327
aspect_ratio_y_over_z,ratio_21,46,0.97419698139376898,-0.1439137127708458
aspect_ratio_y_over_z,ratio_21,47,0.9681593110666864,-0.17801210269667336
aspect_ratio_y_over_z,ratio_21,48,0.96871281901314921,-0.17487726617963906
aspect_ratio_y_over_z,ratio_21,49,0.80463982868439943,-1.1927132440349693
aspect_ratio_y_over_z,ratio_21,50,0.91823330767921207,-0.46840642624957418
aspect_ratio_y_over_z,ratio_21,51,0.96065240512478856,-0.22070595142506055
aspect_ratio_y_over_z,ratio_21,52,0.95181640637075293,-0.27138825546949841
aspect_ratio_y_over_z,ratio_21,53,0.92236784254863913,-0.44376534983501753
aspect_ratio_y_over_z,ratio_21,54,0.95267453881996422,-0.26644551944337708
aspect_ratio_y_over_z,ratio_21,55,0.9191292622028312,-0.4630572967596181
aspect_ratio_y_over_z,ratio_21,56,0.86339966706701166,-0.80612737212921026
aspect_ratio_y_over_z,ratio_21,57,1.2203111222715795,1.0915276942305887
aspect_ratio_y_over_z,ratio_21,58,0.88369017354876678,-0.67872158595950716
aspect_ratio_y_over_z,ratio_21,59,0.86610899024674137,-0.78894312923193177
aspect_ratio_y_over_z,ratio_21,60,0.86151827361535738,-0.81809211407422699
aspect_ratio_y_over_z,ratio_21,61,1.055864293976442,0.29762169923900866
aspect_ratio_y_over_z,ratio_21,62,0.98300379799615256,-0.094553334558896501
aspect_ratio_y_over_z,ratio_21,63,0.86126850404493183,-0.8196824906672272
