draw_index,endpoint_label,field_orientation,fit_status,A,centre_y_um,centre_z_um,sigma_y_um,sigma_z_um,aspect_ratio_y_over_z
0,B_parallel_y,y,success,18701.09539057222,-0.13175110795137496,0.0359862027793237,6.593292958983811,0.2355980829762259,27.98534213730906
0,B_parallel_z,z,success,17968.87854025082,-0.1730476150664907,-0.037488406242117654,8.647477074069913,0.7331384660917347,11.795148493801562
1,B_parallel_y,y,success,19927.258824349396,-0.25273728382864924,0.027952838521277838,6.4945933487857985,0.38928809057072344,16.683257222855886
1,B_parallel_z,z,success,18882.18312879007,-0.5004985490787147,0.031942557916680346,8.446907351461363,0.7418895396487406,11.38566713780691
2,B_parallel_y,y,success,18830.83075197297,-0.11622590036654426,-0.02834205426529489,6.257020483117987,0.4170734006915073,15.002204582559937
2,B_parallel_z,z,success,17870.096657069407,-0.5220595949546283,0.0017527395897107406,9.26846904329036,0.6912196335221541,13.4088625290666
3,B_parallel_y,y,success,18944.882093922173,-0.011368942025951553,-0.026089425779610854,6.586399132519954,0.30808516066280445,21.3785017050162
3,B_parallel_z,z,success,18597.698071084742,-1.1204275092827638,0.064253350251686,9.203041806988827,0.7069174527251288,13.018552267328518
4,B_parallel_y,y,success,19881.891883273158,-0.07773524240407732,-0.04944134904992078,6.581000633906894,0.42058856281407364,15.647122189616235
4,B_parallel_z,z,success,18078.514072188875,-0.19221848864761276,-0.05013160763943117,8.814326300338456,0.6540762112685636,13.475992779562036
5,B_parallel_y,y,success,19042.142373326533,-0.3780710614002188,0.025552409222648443,6.480880515158622,0.3174528181601511,20.415255888165078
5,B_parallel_z,z,success,18911.567388156367,-0.2557930453947157,-0.020091411964608712,8.604851943040874,0.7542175089336415,11.408979294589615
6,B_parallel_y,y,success,18021.67612491385,-0.09539426195691196,-0.008492133164479129,6.397886732149171,0.2854029368752813,22.417031871486994
6,B_parallel_z,z,success,18546.089724384783,-0.9563271046681472,-0.0026070566602453657,8.699555160026474,0.6786847973084064,12.818255535600635
7,B_parallel_y,y,success,18304.97585767588,0.18360742086638324,0.028012650755663053,6.310377227025987,0.2424754791347556,26.024805681563368
7,B_parallel_z,z,success,18540.560408457117,-1.4271209549346324,-0.0276360032760339,8.794877283433932,0.6825566060073927,12.885198393843801
8,B_parallel_y,y,success,18862.7257538838,-0.1930163345574889,-0.0042489478685891575,6.446670710035434,0.3433874124255113,18.773753715954474
8,B_parallel_z,z,success,19470.486671046747,-1.3113058322390359,-0.04155240794408534,8.454836095048446,0.7908122412573592,10.691331840799027
9,B_parallel_y,y,success,18637.12972330592,-0.2418999164416753,0.0015086868201587343,6.215884680296839,0.31782252426780633,19.557722331407692
9,B_parallel_z,z,success,19538.85703946662,-0.9922956123980563,-0.04997679355530138,9.120396705274455,0.7185619248368796,12.69256885180059
10,B_parallel_y,y,success,18861.07321276822,0.15197365464161205,0.03821905330478622,6.334707392926445,0.3472224649874847,18.243944536119727
10,B_parallel_z,z,success,17185.979305970242,-0.40493748028704313,-0.09733996154207414,8.961040851406796,0.6873664879538914,13.036772971113924
11,B_parallel_y,y,success,18896.026249533395,-0.13327139109659997,0.021503630087820764,6.156633215649832,0.3439182978142599,17.90144128642683
11,B_parallel_z,z,success,18659.90297499174,-1.0958950467198805,-0.037487092393737945,8.98331518435361,0.7046461364776265,12.74869004357174
12,B_parallel_y,y,success,19228.9439609599,-0.3269245330914346,0.01702099026997921,6.248340048036694,0.2724665405488485,22.932504062518003
12,B_parallel_z,z,success,19713.61983763595,-1.0623317712925913,-0.011844898081455052,8.847114966585055,0.7157442696326624,12.360720639964905
13,B_parallel_y,y,success,19833.551251554927,-0.27575298010386134,0.0213653979128334,6.4365177754242024,0.36072715135762595,17.84317523978953
13,B_parallel_z,z,success,17929.10535351814,-0.34282702939054727,-0.012766174051118236,8.535638099648697,0.6838918344721384,12.480976770598417
14,B_parallel_y,y,success,19274.813483868296,-0.20416515677841104,-0.016017698510043876,6.582344029457353,0.38602763763771675,17.051483851616915
14,B_parallel_z,z,success,18163.68907529586,-0.5328568589974684,0.04139285660989318,8.601086475091984,0.7067087146095894,12.170624611362724
15,B_parallel_y,y,success,18527.210585253728,-0.26643507083062584,-0.007829472089300401,6.059175098412562,0.38120347690173445,15.894857905439512
15,B_parallel_z,z,success,19559.536532049897,0.03767549911852615,0.05303420484756095,9.238451996236309,0.7201667745730915,12.828211912043264
16,B_parallel_y,y,success,17958.257030116638,-0.10604108867196657,0.006038448956816526,6.25057680877773,0.16943918458271148,36.889795144915375
16,B_parallel_z,z,success,18677.449968342375,-0.3351077892389118,0.028587246483049153,8.995323474035528,0.7101519390350729,12.666759012526287
17,B_parallel_y,y,success,18371.195567369763,-0.10902038654830627,-0.019238899621102017,6.4403743016738435,0.25198145406353434,25.558921888156
17,B_parallel_z,z,success,18425.060288662004,-1.1258130874232322,0.0017302558045099038,9.062223093804521,0.7143504765641466,12.685962130789955
18,B_parallel_y,y,success,17801.87408161885,-0.43546116635773424,0.0032753223457985914,6.433877108226863,0.18088033487795355,35.56979874328534
18,B_parallel_z,z,success,16945.137428645383,0.11001408393610544,-0.045919425003615406,8.5592108853595,0.7078786825790255,12.09135279250901
19,B_parallel_y,y,success,18887.977894167543,-0.17334845184488154,-0.023944585427875805,6.837474226417454,0.2880998310710863,23.733003247510975
19,B_parallel_z,z,success,18553.9001458513,-0.4411226472599381,-0.07351362610753882,8.891121917424258,0.6941975428710998,12.807769213143386
20,B_parallel_y,y,success,18900.546389049756,-0.18218997823481578,0.0018547709304078202,6.214993210834615,0.41838717767936984,14.854645511142941
20,B_parallel_z,z,success,18819.60170438586,-0.7267232745206321,0.02513576912363687,8.822029391898477,0.7428693948104179,11.875612932135777
21,B_parallel_y,y,success,18920.93651668497,-0.3418556986268683,0.02127699347685899,6.352631610118861,0.3858028751801211,16.46600380350454
21,B_parallel_z,z,success,18851.953633177935,-0.7645819071897851,-3.268799331737549e-05,9.090399943905725,0.6731832011401957,13.503604856016866
22,B_parallel_y,y,success,18270.93117173115,-0.37079140868657895,0.0006085840585229863,6.378551702891787,0.3671522378733233,17.373043236338784
22,B_parallel_z,z,success,19128.306119321907,-0.8342153978270522,0.048587992297616886,8.883004371095282,0.7042136635661508,12.61407557205236
23,B_parallel_y,y,success,18223.36724444237,0.04974077531176475,0.02037454644794746,6.363968612934695,0.28655493283053646,22.208546717631393
23,B_parallel_z,z,success,19705.461291742515,-0.6061727089635224,0.02368296534424149,8.94305027899753,0.7436610293509516,12.02570785079702
24,B_parallel_y,y,success,18884.807971081074,-0.14353115502755387,0.03670154187399249,6.602107433751938,0.22874480507129913,28.862327307035798
24,B_parallel_z,z,success,17887.86954623782,-1.4891929234533068,-0.006181776144556178,8.672932379303232,0.7216716740305543,12.017836768990374
25,B_parallel_y,y,success,19150.991100616353,-0.30374414415113243,0.0012603542709385006,6.471655500039123,0.40838818632653573,15.84682348001264
25,B_parallel_z,z,success,19303.92279077962,0.2682493932549825,0.02445563902464164,8.886504554564318,0.7495608633270695,11.855614386161873
26,B_parallel_y,y,success,18566.169368071725,-0.01583917410276472,-0.047004214441846284,6.3726005151037715,0.32586804715296835,19.555769799400913
26,B_parallel_z,z,success,18058.171896955584,0.34908784771781876,-0.004595676571922016,9.080428194340737,0.7021122858083194,12.933014245558644
27,B_parallel_y,y,success,18511.22352522295,-0.2480704228607462,-0.022717239149356482,6.533801289828132,0.306735135770871,21.301117895762797
27,B_parallel_z,z,success,19022.47740620272,-1.803552732607778,-0.018927145892851004,8.70256967984028,0.7086688785354649,12.280163477511543
28,B_parallel_y,y,success,18791.237401979877,-0.0495929282049442,-0.019199457908806332,6.882162252079507,0.3379998215590874,20.361437530748525
28,B_parallel_z,z,success,17661.86023659464,-0.7414070301034777,-0.004424158117959747,8.7055899947531,0.6260426296350005,13.905746322464799
29,B_parallel_y,y,success,19470.225400339667,0.14894370077140215,-0.020860260495028808,6.595593243062639,0.3153061593834028,20.918060262319827
29,B_parallel_z,z,success,18603.485776188732,-1.2579564370655933,0.030289804795443222,8.830911994064639,0.7130143179129189,12.38532210673386
30,B_parallel_y,y,success,19238.422174722324,-0.4039613935498807,0.011078975826734894,6.690395087885535,0.3968583965359129,16.858393689750496
30,B_parallel_z,z,success,19328.09965864763,-0.6034816163543841,-0.020343768567009153,8.887775292879596,0.7024736115446145,12.652112686961948
31,B_parallel_y,y,success,18867.420922124635,0.10397702361957929,-0.0023077267751153924,6.495992213051042,0.2955023573643884,21.982877805068526
31,B_parallel_z,z,success,18093.701327018473,-0.4743349664072431,0.04211597684750445,8.947975226505198,0.6692612219062374,13.369929309543647
32,B_parallel_y,y,success,18982.389953361144,-0.12083398588590141,-0.0071263679747605125,6.378173281302882,0.3681206383084178,17.326312674594295
32,B_parallel_z,z,success,18203.04609094694,-0.3531224872039184,-0.0007225901939234366,9.20634821759505,0.6849118790144569,13.441653590301833
33,B_parallel_y,y,success,18636.168346532766,-0.22914274358415837,0.0034714768490087247,6.055064168872635,0.405445513514377,14.934347445080123
33,B_parallel_z,z,success,18325.561986488337,-0.6772732493505691,0.02146231872034553,8.834085113179196,0.6767156666829497,13.054352881293765
34,B_parallel_y,y,success,18730.17919181447,0.25823644197239226,0.013522300357535846,6.2776280130529205,0.3435851475598072,18.27095279769096
34,B_parallel_z,z,success,18803.06925957964,-0.26579537162255895,0.0043895680437781,9.010729817089848,0.6656166367856041,13.537416763806362
35,B_parallel_y,y,success,19302.873299454823,-0.09468353868714775,0.0287733122398695,6.469665486439142,0.4089371351262498,15.820684723195374
35,B_parallel_z,z,success,19040.163138225875,-0.8463709667356507,0.001890805322170248,8.925984417915961,0.7404736134539687,12.054426053455641
36,B_parallel_y,y,success,18428.165132617196,0.1737865496073324,-0.025579484859104894,6.213993710999524,0.3098356912363606,20.055771128895312
36,B_parallel_z,z,success,20381.923370761262,-0.5165523402407437,0.05210495406697651,8.791336870688008,0.7641897596202237,11.504128078158235
37,B_parallel_y,y,success,18354.402765057337,-0.3293185935278335,0.032802268425599954,6.250632867645236,0.34630244277448274,18.04963550810336
37,B_parallel_z,z,success,19594.168389066606,-0.807888354133625,0.06666687842083184,8.946301536859517,0.7055565302346586,12.679779937525485
38,B_parallel_y,y,success,19125.361067926824,0.2592638194419132,0.0006202621102301394,6.6280447985864965,0.35329999520838257,18.76038745677638
38,B_parallel_z,z,success,18405.675831045282,-0.7399851500255166,-0.0049251617102520845,9.142733220418076,0.6797039133135339,13.451052791277245
39,B_parallel_y,y,success,18673.705383422446,-0.21935373757401888,0.0011372323578823043,6.4378547262912225,0.2975295654015858,21.637697475885563
39,B_parallel_z,z,success,19148.350709208295,-0.8210041961898816,0.03670286700571478,9.078961343530308,0.705699564561967,12.865193347774966
40,B_parallel_y,y,success,16814.099896412252,-0.28590159367982654,-0.003924696575447088,6.1173081908172495,0.2644559729617796,23.131669601961878
40,B_parallel_z,z,success,19733.3223140782,-0.5326307645023535,0.04627829959660738,9.351360776041478,0.7525755182134989,12.425810499709321
41,B_parallel_y,y,success,19218.177533856415,-0.03599989813282586,0.011817704839079464,6.05039952773575,0.3371558534428402,17.945408528289146
41,B_parallel_z,z,success,19861.00361470874,-1.39328358152961,-0.026153428715039895,9.221941306759316,0.7293380930662454,12.644261138190258
42,B_parallel_y,y,success,18655.31779324732,-0.30493978526880205,0.044106828530742936,6.150088184862509,0.3535154314512559,17.396944058750393
42,B_parallel_z,z,success,18239.075838359433,-0.4440679365791042,-0.011058789763555038,8.734095707600163,0.6862215669636978,12.727807064190115
43,B_parallel_y,y,success,18574.808982987503,-0.1498493476915635,4.876321082963954e-05,6.518261067815474,0.33813392942265214,19.27715766041314
43,B_parallel_z,z,success,17343.798778454202,-0.6964288991229709,0.00040788888588659067,8.86075949394727,0.6475297621687296,13.68394166821074
44,B_parallel_y,y,success,18213.097228389546,-0.3189710667390204,0.02461977700821961,6.195082256829325,0.3633131534381433,17.051632175172767
44,B_parallel_z,z,success,18432.759932586843,-0.428533801634798,-0.04426403784326595,8.906086739794304,0.6403139018953986,13.908938590012369
45,B_parallel_y,y,success,18096.019828119253,-0.37524346556727634,-0.02384138588625408,6.285725617819159,0.26921187427537346,23.34861950178902
45,B_parallel_z,z,success,18519.44058180769,-1.1196220615041543,0.029430190486464936,8.822690788765913,0.705159883324508,12.511617574118
46,B_parallel_y,y,success,18335.269352674026,-0.5722784595374738,0.004550823142092923,6.229288980214317,0.41058406491573846,15.171774826411527
46,B_parallel_z,z,success,17326.99297939595,-0.8911282242614906,0.012081495653636112,7.822453520490271,0.7347952289091686,10.645759815429123
47,B_parallel_y,y,success,18556.989834632408,0.04262238396766024,-0.0017096950676597264,6.1467117433259455,0.36733081281078345,16.73344987394834
47,B_parallel_z,z,success,18232.145162810175,-0.014231129987610981,-0.04210186071037638,8.643417136212044,0.749113139502474,11.538199879864072
48,B_parallel_y,y,success,18366.26283159137,0.08395039262324079,0.022108255317477003,6.532253455357942,0.2913768981967372,22.41857022908994
48,B_parallel_z,z,success,19497.65478110016,-1.4865569664976634,0.056740405230824076,9.087924552606259,0.6822590036114906,13.320343893594606
49,B_parallel_y,y,success,19426.96189296507,0.04041706941880104,-0.0357575393541784,6.501693144033912,0.369618709995242,17.59027064435566
49,B_parallel_z,z,success,18741.96948258756,-0.6215942774724805,-0.044881635900069064,9.287893830828795,0.6809270457010389,13.640071854197792
50,B_parallel_y,y,success,18252.32452148082,-0.21598656694595367,0.03134667190708674,6.475429258539811,0.3207565549194493,20.187987304471353
50,B_parallel_z,z,success,19565.995250449963,-0.8463639463534269,-0.003561948106827326,8.999481152249698,0.7313536219379516,12.305239055769958
51,B_parallel_y,y,success,18307.007343031477,0.06382214496986142,-0.010819107110009793,6.353413344997331,0.29177691674020273,21.77490055066416
51,B_parallel_z,z,success,19769.218550002766,-1.4258894221136764,0.02412368382097227,9.30639743225169,0.772156021262307,12.052483145877378
52,B_parallel_y,y,success,19146.1058675133,0.04879583205651054,0.008183023653942864,6.599047622724658,0.29362842030870884,22.474144756787137
52,B_parallel_z,z,success,19110.3713207347,-0.4069388058103574,-0.01758096593857446,9.493932150773224,0.7028978542587058,13.506844690521598
53,B_parallel_y,y,success,19152.882680762432,-0.2407059766560716,0.02182768648465324,6.3887505477898765,0.23350113239556783,27.36068336048525
53,B_parallel_z,z,success,18382.57817845995,-0.7278579000034727,0.03329270622783471,8.852586635023087,0.705377701160544,12.550136785523701
54,B_parallel_y,y,success,19799.248578830888,-0.02864065377946716,0.00693350890422627,6.413392902372916,0.29373763625261023,21.83374586992825
54,B_parallel_z,z,success,17719.567245955175,-0.6224777147282806,0.006743987668402383,8.911928483616068,0.6961976774565037,12.80085925620293
55,B_parallel_y,y,success,18976.97620743484,-0.17823479548971843,0.006088086199696616,6.428798844341963,0.30858336888708543,20.833264175991097
55,B_parallel_z,z,success,19070.59737498266,-1.3716164334196592,0.1115336006450572,9.346199989298837,0.6564538425673293,14.237406171234715
56,B_parallel_y,y,success,18983.87705937554,0.053657635656751496,0.03095433619620037,6.582003924717086,0.3003574853392971,21.91390008902812
56,B_parallel_z,z,success,19648.182246296492,-0.7450070856335589,-0.01842754387010834,8.818550170461272,0.7569240545200593,11.650508552080334
57,B_parallel_y,y,success,19033.872360780395,0.021819024276709318,-0.03584210822834551,6.409008894763319,0.3581531267404323,17.894605452958057
57,B_parallel_z,z,success,19419.005476994702,-0.34272718144896996,0.030042962669682805,9.505582979609546,0.7564159548490198,12.566608251285306
58,B_parallel_y,y,success,18444.964159993036,-0.10897648091280976,-0.020067987385782263,6.493543066445789,0.29902367552287307,21.715815829937792
58,B_parallel_z,z,success,17801.51002983165,-1.4281362355017337,-0.03462839045264835,8.98419002588236,0.6153085611564024,14.601113316215846
59,B_parallel_y,y,success,18710.02718997616,0.2696681108333101,-0.0022767036310670217,6.585415059815256,0.27283997049310277,24.136548057505863
59,B_parallel_z,z,success,19340.1114748791,-0.2711333374507372,0.03605177089748891,8.856658832771497,0.6983686479622279,12.681925024289637
60,B_parallel_y,y,success,18322.05844980291,0.05113251542368608,0.009220102149938231,6.379512060541568,0.3602596226524248,17.708096215646304
60,B_parallel_z,z,success,18750.51901658977,-0.22035936264610287,0.04703006209959706,8.79237214179504,0.6942669959156077,12.664251928322695
61,B_parallel_y,y,success,18919.246006953515,-0.4193081320497968,-0.00653088540856905,6.625006303072916,0.36697816871409367,18.052862180568415
61,B_parallel_z,z,success,18208.953597856038,-0.9571318647242332,-0.027172863229388278,9.118314362533694,0.7262288669002122,12.555703550388614
62,B_parallel_y,y,success,18858.540069945826,-0.04689997115539269,-0.007934559047368046,6.801627202227984,0.3063582865414069,22.201544730563985
62,B_parallel_z,z,success,19496.92631593614,-0.8635087954065261,0.03413841828587221,8.730478781305612,0.7066990028607265,12.353885807061456
63,B_parallel_y,y,success,18222.594320015625,-0.017504346321411544,0.01758874883888381,6.310862070945157,0.2595399557198579,24.315570423218272
63,B_parallel_z,z,success,17484.327205476122,-1.1951695314361885,0.022121214833242867,8.766607163874419,0.6881964512461715,12.738524222262456
