route_id,route_kind,endpoint_or_operation,observable,estimate,interval_low,interval_high,finite_bootstrap_count,information_level,interpretation,generator_same_model_value,generator_value_available,inverse_minus_generator,generator_inside_frozen_conditional_interval,relative_discrepancy_percent,relative_discrepancy_unavailable_reason,comparator_changes_frozen_estimate_interval_or_information,components_json
endpoint:B_parallel_y:A,endpoint,B_parallel_y,A,18771.728464164367,18305.13837650433,19212.953945608897,64,informative_but_inconclusive,endpoint-local model-conditional estimate,18292.219843006897,True,479.50862115747077,False,2.6213801565521124,,False,"{""calibration"": ""endpoint_local_control_only"", ""detector_statistics"": ""conditional_64_complete"", ""finite_aperture_and_camera_sampling"": ""deterministic_eligibility_pass_identity"", ""fit_and_raw_data"": ""supported"", ""identifiability"": ""supported"", ""profile_model_dependence"": {""grade"": ""stable"", ""maximum_normalised_shift"": 0.005516804811377669}, ""reference"": ""same_model_not_independent"", ""relative_change"": ""not_applicable_endpoint_local"", ""repeatability"": ""not_assessed""}"
endpoint:B_parallel_y:centre_y_um,endpoint,B_parallel_y,centre_y_um,-0.09401624110586654,-0.31784856422140295,0.053455626038106246,64,informative_but_inconclusive,endpoint-local model-conditional estimate,,False,,,,generator value unavailable,False,"{""calibration"": ""model_conditional_pixel_and_optical_contract"", ""detector_statistics"": ""conditional_64_complete"", ""finite_aperture_and_camera_sampling"": ""deterministic_eligibility_pass_identity"", ""fit_and_raw_data"": ""supported"", ""identifiability"": ""supported"", ""profile_model_dependence"": {""grade"": ""stable"", ""maximum_normalised_shift"": 0.05101564082435831}, ""reference"": ""same_model_not_independent"", ""relative_change"": ""not_applicable_endpoint_local"", ""repeatability"": ""not_assessed""}"
endpoint:B_parallel_y:centre_z_um,endpoint,B_parallel_y,centre_z_um,0.0004082169260420577,-0.020796878646289086,0.02547779864549413,64,informative_but_inconclusive,endpoint-local model-conditional estimate,,False,,,,generator value unavailable,False,"{""calibration"": ""model_conditional_pixel_and_optical_contract"", ""detector_statistics"": ""conditional_64_complete"", ""finite_aperture_and_camera_sampling"": ""deterministic_eligibility_pass_identity"", ""fit_and_raw_data"": ""supported"", ""identifiability"": ""supported"", ""profile_model_dependence"": {""grade"": ""stable"", ""maximum_normalised_shift"": 0.000388158373990998}, ""reference"": ""same_model_not_independent"", ""relative_change"": ""not_applicable_endpoint_local"", ""repeatability"": ""not_assessed""}"
endpoint:B_parallel_y:sigma_y_um,endpoint,B_parallel_y,sigma_y_um,6.448030740729722,6.216957024290237,6.586320406703578,64,informative_but_inconclusive,endpoint-local model-conditional estimate,6.349360441717577,True,0.09867029901214508,True,1.5540194940555871,,False,"{""calibration"": ""model_conditional_pixel_and_optical_contract"", ""detector_statistics"": ""conditional_64_complete"", ""finite_aperture_and_camera_sampling"": ""deterministic_eligibility_pass_identity"", ""fit_and_raw_data"": ""supported"", ""identifiability"": ""supported"", ""profile_model_dependence"": {""grade"": ""stable"", ""maximum_normalised_shift"": 0.0828394338020196}, ""reference"": ""same_model_not_independent"", ""relative_change"": ""not_applicable_endpoint_local"", ""repeatability"": ""not_assessed""}"
endpoint:B_parallel_y:sigma_z_um,endpoint,B_parallel_y,sigma_z_um,0.3148020330770579,0.27249641494438887,0.3854349233178501,64,informative_but_inconclusive,endpoint-local model-conditional estimate,0.3244224145294148,True,-0.009620381452356885,True,-2.9653874151425574,,False,"{""calibration"": ""model_conditional_pixel_and_optical_contract"", ""detector_statistics"": ""conditional_64_complete"", ""finite_aperture_and_camera_sampling"": ""deterministic_eligibility_pass_identity"", ""fit_and_raw_data"": ""supported"", ""identifiability"": ""supported"", ""profile_model_dependence"": {""grade"": ""stable"", ""maximum_normalised_shift"": 0.010827279779054032}, ""reference"": ""same_model_not_independent"", ""relative_change"": ""not_applicable_endpoint_local"", ""repeatability"": ""not_assessed""}"
endpoint:B_parallel_y:aspect_ratio_y_over_z,endpoint,B_parallel_y,aspect_ratio_y_over_z,20.482811618790784,16.743445379212513,23.33126350980285,64,model_sensitive,endpoint-local model-conditional estimate,19.571275464821166,True,0.9115361539696174,True,4.657520434005841,,False,"{""calibration"": ""model_conditional_pixel_and_optical_contract"", ""detector_statistics"": ""conditional_64_complete"", ""finite_aperture_and_camera_sampling"": ""deterministic_eligibility_pass_identity"", ""fit_and_raw_data"": ""supported"", ""identifiability"": ""supported"", ""profile_model_dependence"": {""grade"": ""stable"", ""maximum_normalised_shift"": 0.1917441263238921}, ""reference"": ""same_model_not_independent"", ""relative_change"": ""not_applicable_endpoint_local"", ""repeatability"": ""not_assessed""}"
endpoint:B_parallel_z:A,endpoint,B_parallel_z,A,18594.548817582006,17932.287208456757,19535.560858797304,64,informative_but_inconclusive,endpoint-local model-conditional estimate,18292.2198430069,True,302.32897457510626,True,1.652773568051591,,False,"{""calibration"": ""endpoint_local_control_only"", ""detector_statistics"": ""conditional_64_complete"", ""finite_aperture_and_camera_sampling"": ""deterministic_eligibility_pass_identity"", ""fit_and_raw_data"": ""supported"", ""identifiability"": ""supported"", ""profile_model_dependence"": {""grade"": ""stable"", ""maximum_normalised_shift"": 0.06400918757714134}, ""reference"": ""same_model_not_independent"", ""relative_change"": ""not_applicable_endpoint_local"", ""repeatability"": ""not_assessed""}"
endpoint:B_parallel_z:centre_y_um,endpoint,B_parallel_z,centre_y_um,-0.7410219365618961,-1.1896210159151521,-0.2762512935937915,64,informative_but_inconclusive,endpoint-local model-conditional estimate,,False,,,,generator value unavailable,False,"{""calibration"": ""model_conditional_pixel_and_optical_contract"", ""detector_statistics"": ""conditional_64_complete"", ""finite_aperture_and_camera_sampling"": ""deterministic_eligibility_pass_identity"", ""fit_and_raw_data"": ""supported"", ""identifiability"": ""supported"", ""profile_model_dependence"": {""grade"": ""stable"", ""maximum_normalised_shift"": 0.0802120252057949}, ""reference"": ""same_model_not_independent"", ""relative_change"": ""not_applicable_endpoint_local"", ""repeatability"": ""not_assessed""}"
endpoint:B_parallel_z:centre_z_um,endpoint,B_parallel_z,centre_z_um,0.006864735488209003,-0.03725839623845078,0.041017657441558886,64,informative_but_inconclusive,endpoint-local model-conditional estimate,,False,,,,generator value unavailable,False,"{""calibration"": ""model_conditional_pixel_and_optical_contract"", ""detector_statistics"": ""conditional_64_complete"", ""finite_aperture_and_camera_sampling"": ""deterministic_eligibility_pass_identity"", ""fit_and_raw_data"": ""supported"", ""identifiability"": ""supported"", ""profile_model_dependence"": {""grade"": ""stable"", ""maximum_normalised_shift"": 0.002983396445174536}, ""reference"": ""same_model_not_independent"", ""relative_change"": ""not_applicable_endpoint_local"", ""repeatability"": ""not_assessed""}"
endpoint:B_parallel_z:sigma_y_um,endpoint,B_parallel_z,sigma_y_um,8.917242875074116,8.69979632161158,9.198217120063166,64,informative_but_inconclusive,endpoint-local model-conditional estimate,8.892155861775429,True,0.025087013298687566,True,0.282125208876834,,False,"{""calibration"": ""model_conditional_pixel_and_optical_contract"", ""detector_statistics"": ""conditional_64_complete"", ""finite_aperture_and_camera_sampling"": ""deterministic_eligibility_pass_identity"", ""fit_and_raw_data"": ""supported"", ""identifiability"": ""supported"", ""profile_model_dependence"": {""grade"": ""stable"", ""maximum_normalised_shift"": 0.09996164420738432}, ""reference"": ""same_model_not_independent"", ""relative_change"": ""not_applicable_endpoint_local"", ""repeatability"": ""not_assessed""}"
endpoint:B_parallel_z:sigma_z_um,endpoint,B_parallel_z,sigma_z_um,0.707922987609352,0.6787663265888165,0.7427910063974837,64,informative_but_inconclusive,endpoint-local model-conditional estimate,0.6915022332312065,True,0.016420754378145497,True,2.374649507842609,,False,"{""calibration"": ""model_conditional_pixel_and_optical_contract"", ""detector_statistics"": ""conditional_64_complete"", ""finite_aperture_and_camera_sampling"": ""deterministic_eligibility_pass_identity"", ""fit_and_raw_data"": ""supported"", ""identifiability"": ""supported"", ""profile_model_dependence"": {""grade"": ""stable"", ""maximum_normalised_shift"": 0.013822573323056808}, ""reference"": ""same_model_not_independent"", ""relative_change"": ""not_applicable_endpoint_local"", ""repeatability"": ""not_assessed""}"
endpoint:B_parallel_z:aspect_ratio_y_over_z,endpoint,B_parallel_z,aspect_ratio_y_over_z,12.596345974281109,12.018466455534906,13.450300855199211,64,model_sensitive,endpoint-local model-conditional estimate,12.859186036500189,True,-0.2628400622190803,True,-2.0439867770247764,,False,"{""calibration"": ""model_conditional_pixel_and_optical_contract"", ""detector_statistics"": ""conditional_64_complete"", ""finite_aperture_and_camera_sampling"": ""deterministic_eligibility_pass_identity"", ""fit_and_raw_data"": ""supported"", ""identifiability"": ""supported"", ""profile_model_dependence"": {""grade"": ""stable"", ""maximum_normalised_shift"": 0.036697458147007006}, ""reference"": ""same_model_not_independent"", ""relative_change"": ""not_applicable_endpoint_local"", ""repeatability"": ""not_assessed""}"
contrast:Bz_minus_By:A,contrast,B_parallel_z_minus_B_parallel_y,A,-177.17964658236087,-953.2145372433538,714.8019181213537,64,unresolved,orientation-conditioned morphology contrast,3.637978807091713e-12,True,-177.1796465823645,True,,relative percentage is not defined for a signed contrast,False,"{""calibration"": ""unresolved_effective_response"", ""detector_statistics"": ""paired_conditional_64_complete"", ""finite_aperture_and_camera_sampling"": ""deterministic_eligibility_pass_identity"", ""fit_and_raw_data"": ""supported"", ""identifiability"": ""both_endpoints_supported"", ""profile_model_dependence"": ""stable"", ""reference"": ""same_model_not_independent"", ""relative_change"": ""central_interval_includes_zero_or_is_incomplete"", ""repeatability"": ""not_assessed""}"
contrast:Bz_minus_By:centre_y_um,contrast,B_parallel_z_minus_B_parallel_y,centre_y_um,-0.6470056954560295,-1.1175510232475683,-0.14395951702983859,64,informative_but_inconclusive,alignment_or_preparation_control,,False,,,,generator value unavailable,False,"{""calibration"": ""model_conditional_common_contract"", ""detector_statistics"": ""paired_conditional_64_complete"", ""finite_aperture_and_camera_sampling"": ""deterministic_eligibility_pass_identity"", ""fit_and_raw_data"": ""supported"", ""identifiability"": ""both_endpoints_supported"", ""profile_model_dependence"": ""stable"", ""reference"": ""same_model_not_independent"", ""relative_change"": ""central_interval_excludes_zero"", ""repeatability"": ""not_assessed""}"
contrast:Bz_minus_By:centre_z_um,contrast,B_parallel_z_minus_B_parallel_y,centre_z_um,0.0064565185621669454,-0.04542298093376047,0.044262490362404185,64,informative_but_inconclusive,alignment_or_preparation_control,,False,,,,generator value unavailable,False,"{""calibration"": ""model_conditional_common_contract"", ""detector_statistics"": ""paired_conditional_64_complete"", ""finite_aperture_and_camera_sampling"": ""deterministic_eligibility_pass_identity"", ""fit_and_raw_data"": ""supported"", ""identifiability"": ""both_endpoints_supported"", ""profile_model_dependence"": ""stable"", ""reference"": ""same_model_not_independent"", ""relative_change"": ""central_interval_includes_zero_or_is_incomplete"", ""repeatability"": ""not_assessed""}"
contrast:Bz_minus_By:sigma_y_um,contrast,B_parallel_z_minus_B_parallel_y,sigma_y_um,2.469212134344394,2.124080415822282,2.8234434661510672,64,model_conditional_contrast_supported,orientation-conditioned morphology contrast,2.5427954200578515,True,-0.07358328571345751,True,,relative percentage is not defined for a signed contrast,False,"{""calibration"": ""model_conditional_common_contract"", ""detector_statistics"": ""paired_conditional_64_complete"", ""finite_aperture_and_camera_sampling"": ""deterministic_eligibility_pass_identity"", ""fit_and_raw_data"": ""supported"", ""identifiability"": ""both_endpoints_supported"", ""profile_model_dependence"": ""stable"", ""reference"": ""same_model_not_independent"", ""relative_change"": ""central_interval_excludes_zero"", ""repeatability"": ""not_assessed""}"
contrast:Bz_minus_By:sigma_z_um,contrast,B_parallel_z_minus_B_parallel_y,sigma_z_um,0.3931209545322941,0.31710242760730584,0.45379972921970185,64,model_conditional_contrast_supported,orientation-conditioned morphology contrast,0.36707981870179174,True,0.026041135830502382,True,,relative percentage is not defined for a signed contrast,False,"{""calibration"": ""model_conditional_common_contract"", ""detector_statistics"": ""paired_conditional_64_complete"", ""finite_aperture_and_camera_sampling"": ""deterministic_eligibility_pass_identity"", ""fit_and_raw_data"": ""supported"", ""identifiability"": ""both_endpoints_supported"", ""profile_model_dependence"": ""stable"", ""reference"": ""same_model_not_independent"", ""relative_change"": ""central_interval_excludes_zero"", ""repeatability"": ""not_assessed""}"
contrast:Bz_minus_By:aspect_ratio_y_over_z,contrast,B_parallel_z_minus_B_parallel_y,aspect_ratio_y_over_z,-7.886465644509675,-10.826510501637543,-4.00841484656579,64,model_sensitive,orientation-conditioned morphology contrast,-6.7120894283209775,True,-1.1743762161886977,True,,relative percentage is not defined for a signed contrast,False,"{""calibration"": ""model_conditional_common_contract"", ""detector_statistics"": ""paired_conditional_64_complete"", ""finite_aperture_and_camera_sampling"": ""deterministic_eligibility_pass_identity"", ""fit_and_raw_data"": ""supported"", ""identifiability"": ""both_endpoints_supported"", ""profile_model_dependence"": ""stable"", ""reference"": ""same_model_not_independent"", ""relative_change"": ""central_interval_excludes_zero"", ""repeatability"": ""not_assessed""}"
ratio:Bz_over_By:A,ratio,B_parallel_z_over_B_parallel_y,A,0.9905613568339964,0.9492122310177639,1.039643643863613,64,unresolved,not_interpretable_without_effective_response_calibration,1.0000000000000002,True,-0.009438643166003846,True,-0.9438643166003844,,False,"{""calibration"": ""unresolved_effective_response_ratio"", ""detector_statistics"": ""paired_conditional_64_complete"", ""finite_aperture_and_camera_sampling"": ""deterministic_eligibility_pass_identity"", ""fit_and_raw_data"": ""supported"", ""identifiability"": ""both_endpoints_supported"", ""profile_model_dependence"": ""stable"", ""reference"": ""same_model_not_independent"", ""relative_change"": ""central_interval_includes_one_or_is_incomplete"", ""repeatability"": ""not_assessed""}"
ratio:Bz_over_By:sigma_y_um,ratio,B_parallel_z_over_B_parallel_y,sigma_y_um,1.3829405028650583,1.3277855718438976,1.4430709157932178,64,model_conditional_contrast_supported,positive orientation-conditioned morphology ratio,1.4004805591679397,True,-0.017540056302881357,True,-1.252431259260203,,False,"{""calibration"": ""model_conditional_common_contract"", ""detector_statistics"": ""paired_conditional_64_complete"", ""finite_aperture_and_camera_sampling"": ""deterministic_eligibility_pass_identity"", ""fit_and_raw_data"": ""supported"", ""identifiability"": ""both_endpoints_supported"", ""profile_model_dependence"": ""stable"", ""reference"": ""same_model_not_independent"", ""relative_change"": ""central_interval_excludes_one"", ""repeatability"": ""not_assessed""}"
ratio:Bz_over_By:sigma_z_um,ratio,B_parallel_z_over_B_parallel_y,sigma_z_um,2.2487878514941646,1.835959028879106,2.6263023924447686,64,model_conditional_contrast_supported,positive orientation-conditioned morphology ratio,2.1314872285697426,True,0.117300622924422,True,5.503228982663543,,False,"{""calibration"": ""model_conditional_common_contract"", ""detector_statistics"": ""paired_conditional_64_complete"", ""finite_aperture_and_camera_sampling"": ""deterministic_eligibility_pass_identity"", ""fit_and_raw_data"": ""supported"", ""identifiability"": ""both_endpoints_supported"", ""profile_model_dependence"": ""stable"", ""reference"": ""same_model_not_independent"", ""relative_change"": ""central_interval_excludes_one"", ""repeatability"": ""not_assessed""}"
ratio:Bz_over_By:aspect_ratio_y_over_z,ratio,B_parallel_z_over_B_parallel_y,aspect_ratio_y_over_z,0.6149715287487832,0.5359664306547146,0.7503049580495642,64,model_sensitive,positive orientation-conditioned morphology ratio,0.6570438426261092,True,-0.042072313877325906,True,-6.403273442023132,,False,"{""calibration"": ""model_conditional_common_contract"", ""detector_statistics"": ""paired_conditional_64_complete"", ""finite_aperture_and_camera_sampling"": ""deterministic_eligibility_pass_identity"", ""fit_and_raw_data"": ""supported"", ""identifiability"": ""both_endpoints_supported"", ""profile_model_dependence"": ""stable"", ""reference"": ""same_model_not_independent"", ""relative_change"": ""central_interval_excludes_one"", ""repeatability"": ""not_assessed""}"
