duration_us,image_q,predeclared_sequence_count,joint_supported_count,joint_unsupported_count,eta_rho_sample_covariance,eta_rho_sample_correlation,conditioning
25,1,64,64,0,0.0,,jointly_supported_predeclared_sequences
25,2,64,64,0,0.002033864491068065,0.6229458884835116,jointly_supported_predeclared_sequences
25,3,64,64,0,0.0011112354530652753,0.43182427798623374,jointly_supported_predeclared_sequences
25,4,64,64,0,0.0009628632435444283,0.3697847722387228,jointly_supported_predeclared_sequences
25,5,64,64,0,0.0010266607614227209,0.4066477479827247,jointly_supported_predeclared_sequences
25,6,64,64,0,0.001584018506738993,0.5117810085911663,jointly_supported_predeclared_sequences
25,7,64,64,0,0.0013716831057914056,0.5239358112901825,jointly_supported_predeclared_sequences
25,8,64,64,0,0.0015139303329420187,0.4827125423349031,jointly_supported_predeclared_sequences
25,9,64,64,0,0.0010744202703808238,0.43947702948314976,jointly_supported_predeclared_sequences
25,10,64,64,0,0.002019433511698849,0.6191238815771615,jointly_supported_predeclared_sequences
25,11,64,64,0,0.0007935333207726693,0.31681400298838935,jointly_supported_predeclared_sequences
25,12,64,64,0,0.0011988561507680466,0.47762167127326693,jointly_supported_predeclared_sequences
25,13,64,64,0,0.001486851268809922,0.38612921266565237,jointly_supported_predeclared_sequences
25,14,64,64,0,0.0017422426784006763,0.5709421059494711,jointly_supported_predeclared_sequences
25,15,64,64,0,0.0007290953006057161,0.3022082211525857,jointly_supported_predeclared_sequences
100,1,64,64,0,0.0,,jointly_supported_predeclared_sequences
100,2,64,64,0,0.00025047775081743474,0.3789196775563664,jointly_supported_predeclared_sequences
100,3,64,64,0,0.00023629389335983912,0.3638340878181096,jointly_supported_predeclared_sequences
100,4,64,64,0,0.00017328382396726398,0.3318883927267241,jointly_supported_predeclared_sequences
100,5,64,64,0,0.0002988113371112862,0.5634029771248888,jointly_supported_predeclared_sequences
100,6,64,64,0,0.00013851600856881128,0.24430914271654566,jointly_supported_predeclared_sequences
100,7,64,64,0,0.0001702622646282381,0.2629472440701539,jointly_supported_predeclared_sequences
100,8,64,64,0,0.00014664771628085182,0.3089767566657293,jointly_supported_predeclared_sequences
100,9,64,64,0,0.00018779636821170863,0.38780744427903463,jointly_supported_predeclared_sequences
100,10,64,64,0,0.00030882968019295697,0.39299493613043296,jointly_supported_predeclared_sequences
100,11,64,64,0,0.00037804840002700975,0.5656856269206221,jointly_supported_predeclared_sequences
100,12,64,64,0,0.0003245609623052562,0.46853236896278444,jointly_supported_predeclared_sequences
100,13,64,64,0,0.00026799171052689283,0.37550023812101146,jointly_supported_predeclared_sequences
100,14,64,64,0,0.0002880039974975006,0.43427631415408957,jointly_supported_predeclared_sequences
100,15,64,64,0,0.0001862614165345628,0.2834212232930173,jointly_supported_predeclared_sequences
150,1,64,64,0,0.0,,jointly_supported_predeclared_sequences
150,2,64,64,0,0.00019501608764619272,0.4405941593159728,jointly_supported_predeclared_sequences
150,3,64,64,0,0.00013508385252293355,0.3215731237298998,jointly_supported_predeclared_sequences
150,4,64,64,0,0.00020260524016570822,0.44542698994845686,jointly_supported_predeclared_sequences
150,5,64,64,0,0.00022184780362282628,0.4882694752401034,jointly_supported_predeclared_sequences
150,6,64,64,0,0.00016908367725880562,0.3667735377685417,jointly_supported_predeclared_sequences
150,7,64,64,0,0.0002996004719834629,0.5802328575527604,jointly_supported_predeclared_sequences
150,8,64,64,0,0.0002394166311719367,0.541717131366976,jointly_supported_predeclared_sequences
150,9,64,64,0,0.000290279309935957,0.533279468548501,jointly_supported_predeclared_sequences
150,10,64,64,0,0.00013903971470335697,0.3436144158112096,jointly_supported_predeclared_sequences
150,11,64,64,0,0.0002586438909491428,0.48529282443355537,jointly_supported_predeclared_sequences
150,12,64,64,0,0.0001587165143087334,0.4070440080263214,jointly_supported_predeclared_sequences
150,13,64,64,0,0.0003552758683985459,0.5904301819175486,jointly_supported_predeclared_sequences
150,14,64,64,0,0.000118039427611373,0.32877501763194406,jointly_supported_predeclared_sequences
150,15,64,64,0,0.00015295998018531376,0.31468586013116356,jointly_supported_predeclared_sequences
200,1,64,64,0,0.0,,jointly_supported_predeclared_sequences
200,2,64,64,0,6.478988949672936e-05,0.2455272073656481,jointly_supported_predeclared_sequences
200,3,64,64,0,6.941091998801645e-05,0.2491117300638854,jointly_supported_predeclared_sequences
200,4,64,64,0,0.00013509069098624694,0.4280644177388339,jointly_supported_predeclared_sequences
200,5,64,64,0,0.00014616660577661773,0.47433583342366953,jointly_supported_predeclared_sequences
200,6,64,64,0,0.0001343250860758698,0.36781811337764614,jointly_supported_predeclared_sequences
200,7,64,64,0,9.343841687275352e-05,0.27780236904440797,jointly_supported_predeclared_sequences
200,8,64,64,0,8.299735703451704e-05,0.2830920814317388,jointly_supported_predeclared_sequences
200,9,64,64,0,0.00017560792641556027,0.5198896440749523,jointly_supported_predeclared_sequences
200,10,64,64,0,9.806239818193053e-05,0.31947126375609614,jointly_supported_predeclared_sequences
200,11,64,64,0,8.991986188327583e-05,0.2913238380803903,jointly_supported_predeclared_sequences
200,12,64,64,0,0.0001046387070569769,0.32280034376249866,jointly_supported_predeclared_sequences
200,13,64,64,0,0.0001053944718927847,0.3489265829095909,jointly_supported_predeclared_sequences
200,14,64,64,0,6.421057808527142e-05,0.2097540485672185,jointly_supported_predeclared_sequences
200,15,64,64,0,0.00010089727641542074,0.3928532293170817,jointly_supported_predeclared_sequences
250,1,64,64,0,0.0,,jointly_supported_predeclared_sequences
250,2,64,64,0,0.00022966214705628026,0.6967872362229536,jointly_supported_predeclared_sequences
250,3,64,64,0,0.00018882838909417148,0.5580646609780233,jointly_supported_predeclared_sequences
250,4,64,64,0,0.00015815474944131421,0.5480187586900936,jointly_supported_predeclared_sequences
250,5,64,64,0,9.291230377122052e-05,0.440430028609219,jointly_supported_predeclared_sequences
250,6,64,64,0,0.0001961507099181303,0.6610501365938177,jointly_supported_predeclared_sequences
250,7,64,64,0,0.00016414853810755523,0.5578380698646079,jointly_supported_predeclared_sequences
250,8,64,64,0,0.00012349911840089757,0.46417603452078404,jointly_supported_predeclared_sequences
250,9,64,64,0,9.200555793420171e-05,0.3245112306958465,jointly_supported_predeclared_sequences
250,10,64,64,0,0.00019690957368731008,0.5981322815962393,jointly_supported_predeclared_sequences
250,11,64,64,0,0.00014254086777712812,0.468871335284771,jointly_supported_predeclared_sequences
250,12,64,64,0,0.00015522598276527765,0.525964000555933,jointly_supported_predeclared_sequences
250,13,64,64,0,0.00014158708148356052,0.551014371702907,jointly_supported_predeclared_sequences
250,14,64,64,0,0.00025818758095859525,0.7301050664418717,jointly_supported_predeclared_sequences
250,15,64,64,0,0.00014373676291151022,0.552612373304614,jointly_supported_predeclared_sequences
300,1,64,64,0,0.0,,jointly_supported_predeclared_sequences
300,2,64,64,0,0.00013298065496516797,0.5780570844351255,jointly_supported_predeclared_sequences
300,3,64,64,0,0.00013230937967532882,0.5717755038304163,jointly_supported_predeclared_sequences
300,4,64,64,0,0.0001951207639636178,0.591867914391336,jointly_supported_predeclared_sequences
300,5,64,64,0,9.83742343665774e-05,0.4060558834643031,jointly_supported_predeclared_sequences
300,6,64,64,0,9.24663865568971e-05,0.43097651210813975,jointly_supported_predeclared_sequences
300,7,64,64,0,9.96991299252543e-05,0.5496104055371213,jointly_supported_predeclared_sequences
300,8,64,64,0,0.0001064218321758918,0.4495385531063649,jointly_supported_predeclared_sequences
300,9,64,64,0,0.00017159134997946556,0.5709043058297619,jointly_supported_predeclared_sequences
300,10,64,64,0,7.652943139163465e-05,0.37872776254725876,jointly_supported_predeclared_sequences
300,11,64,64,0,8.125398237124922e-05,0.37397364220565626,jointly_supported_predeclared_sequences
300,12,64,64,0,0.00013944443324236366,0.4642968424817721,jointly_supported_predeclared_sequences
300,13,64,64,0,7.902838824140071e-05,0.33609900448964447,jointly_supported_predeclared_sequences
300,14,64,64,0,0.00011021973841824125,0.42987740709902533,jointly_supported_predeclared_sequences
300,15,64,64,0,0.0002236847148918713,0.5508138285907498,jointly_supported_predeclared_sequences
350,1,64,64,0,0.0,,jointly_supported_predeclared_sequences
350,2,64,64,0,0.00010563276153413663,0.5589244453549375,jointly_supported_predeclared_sequences
350,3,64,64,0,0.00012745055296446313,0.5295011987191981,jointly_supported_predeclared_sequences
350,4,64,64,0,8.857920243408297e-05,0.4899066800308802,jointly_supported_predeclared_sequences
350,5,64,64,0,0.00011735933446613403,0.5876640695250143,jointly_supported_predeclared_sequences
350,6,64,64,0,0.00010471000928683865,0.4926888849938471,jointly_supported_predeclared_sequences
350,7,64,64,0,9.154686679143571e-05,0.5113243650686071,jointly_supported_predeclared_sequences
350,8,64,64,0,0.00011892063454159713,0.6687714096569362,jointly_supported_predeclared_sequences
350,9,64,64,0,0.00012176012436940423,0.5169829421992621,jointly_supported_predeclared_sequences
350,10,64,64,0,8.496823877740622e-05,0.46821203653050714,jointly_supported_predeclared_sequences
350,11,64,64,0,9.518527154413042e-05,0.4981469182820302,jointly_supported_predeclared_sequences
350,12,64,64,0,0.0001180779743762061,0.5124216192181257,jointly_supported_predeclared_sequences
350,13,64,64,0,0.00015256380008562303,0.525437307385333,jointly_supported_predeclared_sequences
350,14,64,64,0,0.00018975696036887312,0.657730506923256,jointly_supported_predeclared_sequences
350,15,64,64,0,0.00012715757614036534,0.5757485773871034,jointly_supported_predeclared_sequences
400,1,64,64,0,0.0,,jointly_supported_predeclared_sequences
400,2,64,64,0,9.490959500788245e-05,0.5300209805804346,jointly_supported_predeclared_sequences
400,3,64,64,0,0.00014620901089060443,0.6524827321287217,jointly_supported_predeclared_sequences
400,4,64,64,0,0.00011888073279008512,0.5266457424601242,jointly_supported_predeclared_sequences
400,5,64,64,0,7.869052942009402e-05,0.41382287475140084,jointly_supported_predeclared_sequences
400,6,64,64,0,9.303661126669691e-05,0.5035256135364731,jointly_supported_predeclared_sequences
400,7,64,64,0,8.319958413662586e-05,0.45558210601461874,jointly_supported_predeclared_sequences
400,8,64,64,0,6.315524727332053e-05,0.3905519944267603,jointly_supported_predeclared_sequences
400,9,64,64,0,0.00013368658301467155,0.5970389571713312,jointly_supported_predeclared_sequences
400,10,64,64,0,0.00014598340136675654,0.5889836017416268,jointly_supported_predeclared_sequences
400,11,64,64,0,0.00012269088223784195,0.46406572521666806,jointly_supported_predeclared_sequences
400,12,64,64,0,0.00010413186485397806,0.46528074945983816,jointly_supported_predeclared_sequences
400,13,64,64,0,0.0001218291133763123,0.5108232904982652,jointly_supported_predeclared_sequences
400,14,64,64,0,0.00015581031519344265,0.6107508152043661,jointly_supported_predeclared_sequences
400,15,64,64,0,0.00011006335572251357,0.47899145498794016,jointly_supported_predeclared_sequences
