duration_us,image_q,observable,predeclared_sequence_count,supported_count,unsupported_count,mean,mean_error_or_bias,sd,q16,median,q84,optimizer_failure_count,residual_failure_count,active_physical_bound_count
25,1,eta,64,64,0,0.0,0.0,0.0,0.0,0.0,0.0,0,0,0
25,1,rho_y,64,64,0,0.0,0.0,0.0,0.0,0.0,0.0,0,0,0
25,2,eta,64,64,0,-0.0005245543582757355,0.002340830670489475,0.062237326343174415,-0.0739070204471817,0.0029964150056496774,0.06192642718100529,0,0,0
25,2,rho_y,64,64,0,-0.001180651368529755,-0.0006069082596491682,0.05245909122514554,-0.05331594526915931,0.002147669360287874,0.053171541470212275,0,0,0
25,3,eta,64,64,0,-0.006283396228481753,-0.0005557978753242491,0.04898404619103078,-0.04885630259365155,-0.010884584644859863,0.039814356825191057,0,0,0
25,3,rho_y,64,64,0,0.0003645602147621385,0.001512723325521298,0.05253447266940908,-0.05791681916038428,0.010850298412872494,0.04114718578668136,0,0,0
25,4,eta,64,64,0,-0.011092877474118867,-0.0025062354312918693,0.050009591446374554,-0.0525184383105602,-0.002185083670199983,0.03284959287715311,0,0,0
25,4,rho_y,64,64,0,-0.010026016217765353,-0.008302745148612754,0.05206696685306397,-0.057417966642258664,-0.008335460720562238,0.04713388400984785,0,0,0
25,5,eta,64,64,0,-0.010672328185139085,0.0007701910366455459,0.05819311531943777,-0.0746282690722763,-0.014426065829987456,0.05345077324684183,0,0,0
25,5,rho_y,64,64,0,-0.005090173206906898,-0.0027911135590531905,0.043384738574746055,-0.04639962087787194,-0.00370485925620051,0.04045069265356489,0,0,0
25,6,eta,64,64,0,-0.012603600906882088,0.0016916314517408677,0.061089607437806344,-0.06011213298582061,-0.020695894595883002,0.036390255507131104,0,0,0
25,6,rho_y,64,64,0,-0.00028593124894605963,0.002589598775237111,0.05066508214385369,-0.05189818420567682,-0.0007810659303391088,0.04589311785739662,0,0,0
25,7,eta,64,64,0,-0.032039631003782924,-0.014894850585629,0.051163539526771225,-0.07767632075354625,-0.033220514319822925,0.021658645425688676,0,0,0
25,7,rho_y,64,64,0,-0.013419906040192464,-0.009967182579106304,0.051169965526111326,-0.053216662112300916,-0.013144377700369692,0.031690640947683014,0,0,0
25,8,eta,64,64,0,-0.02563366885431844,-0.0056424991910687915,0.058810148580278325,-0.07085270715345635,-0.031555288736743514,0.020742044691985605,0,0,0
25,8,rho_y,64,64,0,-0.0074387450795119735,-0.003408151406256662,0.0533291953165829,-0.06658231959034115,-0.004223189424011287,0.05308283840685438,0,0,0
25,9,eta,64,64,0,-0.0230808075952375,-0.0002464016600086036,0.051321696070006625,-0.08188954839440417,-0.024437029965385826,0.029589880080730286,0,0,0
25,9,rho_y,64,64,0,0.0036327618955362302,0.008241940337017795,0.04763618930815313,-0.03725300258501572,0.003822563987761096,0.040701577223351854,0,0,0
25,10,eta,64,64,0,-0.028683248006853544,-0.003008768070774468,0.057092184643852406,-0.08615306603923385,-0.026749271872804792,0.03517938902836685,0,0,0
25,10,rho_y,64,64,0,-0.007331297863908598,-0.002142846617689237,0.05713146238673878,-0.08045005731905502,-0.003702068434134731,0.04918847411074912,0,0,0
25,11,eta,64,64,0,-0.03566340483664721,-0.007152005813666715,0.04712420917883617,-0.0778086288691597,-0.040903663112844324,0.006239526206536539,0,0,0
25,11,rho_y,64,64,0,-0.005350556392251243,0.00041789282667114604,0.05315164665710021,-0.05353496881916918,-0.005569959237127442,0.039997452816420156,0,0,0
25,12,eta,64,64,0,-0.029993108785247063,0.0013520572306034047,0.0482752089222119,-0.07004029409606513,-0.027502253640773466,0.013597690218894594,0,0,0
25,12,rho_y,64,64,0,-0.010317232387648135,-0.003968071424192966,0.051994677626422875,-0.057639809262095734,-0.014191938784019864,0.03211399109652874,0,0,0
25,13,eta,64,64,0,-0.037218647013591025,-0.003042631809958238,0.06053350138359273,-0.09324820916761087,-0.02854162392994003,0.01923009611274813,0,0,0
25,13,rho_y,64,64,0,-0.010500394099831717,-0.003569780971235831,0.0636120033540934,-0.0609931824345413,-0.019626743595100027,0.05461107025201214,0,0,0
25,14,eta,64,64,0,-0.031613603729460794,0.005390030433198934,0.05351557418969352,-0.0842770749396947,-0.02538867911110737,0.018753413575613987,0,0,0
25,14,rho_y,64,64,0,-0.00229106788714545,0.005221700190027266,0.0570212043693986,-0.05957563406918511,0.0025648605754808873,0.04244413930286141,0,0,0
25,15,eta,64,64,0,-0.04821178130004271,-0.00838371543891152,0.050481950206242104,-0.09808398237085443,-0.055756250135593044,0.004081648653604789,0,0,0
25,15,rho_y,64,64,0,-0.011937743198184246,-0.003842108373368123,0.047790535880224555,-0.055811464690672455,-0.019805396642457174,0.03504512088794315,0,0,0
100,1,eta,64,64,0,0.0,0.0,0.0,0.0,0.0,0.0,0,0,0
100,1,rho_y,64,64,0,0.0,0.0,0.0,0.0,0.0,0.0,0,0,0
100,2,eta,64,64,0,-0.005255946363874933,0.006186572857909698,0.027518923841767826,-0.030767333668851152,-0.003992529645236775,0.0242919901871494,0,0,0
100,2,rho_y,64,64,0,0.0012284311136827389,0.003527490761536446,0.02402097047690044,-0.020338969713399536,0.0007970323508318389,0.02307385510890192,0,0,0
100,3,eta,64,64,0,-0.016945355557480443,0.005889050377748454,0.028560535814026254,-0.04534397952969134,-0.016765144650577712,0.011109197989557703,0,0,0
100,3,rho_y,64,64,0,-0.00113644693145621,0.003472731510025355,0.022739596879208814,-0.02536171066225693,-0.003573790388827325,0.021521142945116076,0,0,0
100,4,eta,64,64,0,-0.03053528252524887,0.0036407326783839157,0.023588605102263537,-0.053605441517354996,-0.030896773815035583,-0.0030574448707048566,0,0,0
100,4,rho_y,64,64,0,-0.006254566838434391,0.0006760462901614951,0.02213419335450193,-0.02817009993506682,-0.005669682473474713,0.01303291268027213,0,0,0
100,5,eta,64,64,0,-0.04186032942608537,0.003607101195120803,0.023861270619133366,-0.0640370176246595,-0.04150641169588881,-0.021145715096767,0,0,0
100,5,rho_y,64,64,0,-0.00636822035667225,0.002895315538563958,0.02222718002962626,-0.028631360502770566,-0.004854293093354722,0.01468717540613365,0,0,0
100,6,eta,64,64,0,-0.053665840051121474,0.0030424969196375783,0.026293489028479528,-0.08286879702411043,-0.052065847392785414,-0.029179444538897554,0,0,0
100,6,rho_y,64,64,0,-0.009724895881542158,0.0018831571721754353,0.02156314135797569,-0.03068521613228786,-0.007198978479959761,0.011679819278047196,0,0,0
100,7,eta,64,64,0,-0.06507420801580971,0.002824811458783376,0.02756978371641144,-0.09145334213467264,-0.06400554898869693,-0.04260841470883327,0,0,0
100,7,rho_y,64,64,0,-0.01253686213048964,0.0014275363995855002,0.02348639837580939,-0.03387943362710519,-0.013064742054487155,0.007346314940606748,0,0,0
100,8,eta,64,64,0,-0.07704180774996844,0.001998303297326153,0.02503670709436081,-0.10519201666347021,-0.07467705643197597,-0.05282890534507306,0,0,0
100,8,rho_y,64,64,0,-0.016782385826887347,-0.00044947536500344713,0.018957116785962114,-0.03403750284750961,-0.018295057434878692,0.0009606966277237784,0,0,0
100,9,eta,64,64,0,-0.087679196046731,0.002451992853916651,0.022871828429600435,-0.11439344659441443,-0.0876573053076955,-0.060364245002522035,0,0,0
100,9,rho_y,64,64,0,-0.01691319053391343,0.0018004708935626737,0.02117240355295497,-0.036703738035627965,-0.01942316348476908,0.0056263445792869024,0,0,0
100,10,eta,64,64,0,-0.10174734071986434,-0.0005751761795784616,0.02981053198036015,-0.13136905379460734,-0.10194896578514545,-0.07258174142168913,0,0,0
100,10,rho_y,64,64,0,-0.02478037699679344,-0.0036735537459545373,0.026361028525057874,-0.05178321332908365,-0.02554868818790562,0.0007389835762914604,0,0,0
100,11,eta,64,64,0,-0.11276623999063468,-0.0006029531022320699,0.026936636727083515,-0.14215741180776564,-0.11239244028308254,-0.08359169163305584,0,0,0
100,11,rho_y,64,64,0,-0.022155884547830944,0.0013567688184824185,0.024810121484411318,-0.04711391615279101,-0.02073901203649242,0.0005731090052644672,0,0,0
100,12,eta,64,64,0,-0.12008476736773421,0.0030199196394030715,0.02569504388637578,-0.148969584625404,-0.12022678068766368,-0.09206451747900592,0,0,0
100,12,rho_y,64,64,0,-0.028395915907426284,-0.0024645133946970994,0.026959219746877015,-0.05651440593685846,-0.028496005137188807,0.00045988876922644305,0,0,0
100,13,eta,64,64,0,-0.12669281432378887,0.007303646044372506,0.02857074746298286,-0.15689554109457718,-0.12553401534367664,-0.09635290731999928,0,0,0
100,13,rho_y,64,64,0,-0.024490941512196565,0.0038723144542590487,0.024979833625925017,-0.049807273699702434,-0.025423685791726824,-0.0005429308418922323,0,0,0
100,14,eta,64,64,0,-0.1450768439313653,-0.00023816240847982645,0.030213566404743732,-0.17425432218833495,-0.1490115542154249,-0.11100209328927815,0,0,0
100,14,rho_y,64,64,0,-0.03341702834761245,-0.002608556362717446,0.02194979054130304,-0.05319573975594644,-0.03501381806342202,-0.0072636029030105215,0,0,0
100,15,eta,64,64,0,-0.15566549361550347,-3.3171130372756236e-05,0.027400242924417586,-0.18609768563393989,-0.1602263823800737,-0.12218444632894719,0,0,0
100,15,rho_y,64,64,0,-0.03400897033775789,-0.0007414642539625323,0.023984801032244665,-0.05655801313110808,-0.038320937895762186,-0.013837806392050888,0,0,0
150,1,eta,64,64,0,0.0,0.0,0.0,0.0,0.0,0.0,0,0,0
150,1,rho_y,64,64,0,0.0,0.0,0.0,0.0,0.0,0.0,0,0,0
150,2,eta,64,64,0,-0.013451880614888617,0.0036928998032653097,0.021069214591360932,-0.03442206368876699,-0.01376490889980675,0.0032655041227995147,0,0,0
150,2,rho_y,64,64,0,-0.003077890894941121,0.0003748325661450391,0.021007934629365448,-0.021590691548514843,-0.004242290541462801,0.017862853214849362,0,0,0
150,3,eta,64,64,0,-0.03640280098513743,-0.0022267857815046494,0.020976773556065947,-0.060729691399838616,-0.0361891668644676,-0.020197177075276112,0,0,0
150,3,rho_y,64,64,0,-0.010686320702758484,-0.003755707574162598,0.020025575399255844,-0.03331927349932461,-0.010939683407099943,0.006891033648315249,0,0,0
150,4,eta,64,64,0,-0.05080332585823003,0.00029084742100123594,0.022386642813811954,-0.07174760583231805,-0.05112696314617321,-0.02795803975589979,0,0,0
150,4,rho_y,64,64,0,-0.014727592726243594,-0.0042932643098408,0.020318197375035627,-0.034613999234646774,-0.017367875962318702,0.008294599205558357,0,0,0
150,5,eta,64,64,0,-0.0689382996144747,-0.0010392801398816098,0.02186488904253266,-0.08749073933742646,-0.06731691594397321,-0.05129674514711056,0,0,0
150,5,rho_y,64,64,0,-0.020013115103327008,-0.006048716573251869,0.0207801309935862,-0.04147007785444341,-0.01913880998286166,0.00036694605961940457,0,0,0
150,6,eta,64,64,0,-0.082523901939095,0.002068037571987553,0.022267253680677543,-0.10296207913062477,-0.08310786724656921,-0.06307975002086515,0,0,0
150,6,rho_y,64,64,0,-0.018269996808755157,-0.0007482464356027545,0.020703178813554844,-0.03947162614106739,-0.020510407803540798,0.004322354004090422,0,0,0
150,7,eta,64,64,0,-0.10409888951442615,-0.0029267249741402775,0.0232365163281993,-0.12539410678639915,-0.1017848876510245,-0.08063573381446378,0,0,0
150,7,rho_y,64,64,0,-0.024266762595585065,-0.003159939344746161,0.0222212843387653,-0.044925146269611076,-0.023407542998530262,-7.81654470297611e-05,0,0,0
150,8,eta,64,64,0,-0.1192035351201165,-0.0015633394843085433,0.022627841371580713,-0.14317706329453636,-0.11786924277830751,-0.09730828877960476,0,0,0
150,8,rho_y,64,64,0,-0.024415296455612558,0.00030509707052430585,0.019531635910843975,-0.047076007583428656,-0.025795792164323372,-0.0035536765836322896,0,0,0
150,9,eta,64,64,0,-0.13391110568754966,8.535468061171905e-05,0.025876692659409603,-0.15806104954546443,-0.136035454433241,-0.10834923071557043,0,0,0
150,9,rho_y,64,64,0,-0.032063592068490285,-0.003700336102034671,0.021035481178780985,-0.050068969671970304,-0.0307657872342863,-0.013195505741419767,0,0,0
150,10,eta,64,64,0,-0.14794386238305113,0.002297862593183644,0.019897205980340563,-0.16638673301319148,-0.1448573213916028,-0.13261455663404087,0,0,0
150,10,rho_y,64,64,0,-0.032425676341018055,-0.00038939319241454093,0.02033646185265337,-0.05130357711820992,-0.03348832922918943,-0.013899100410511274,0,0,0
150,11,eta,64,64,0,-0.16727981185564558,-0.0009037883056011217,0.0214991355763962,-0.18780642040391674,-0.16827052542293974,-0.14647581463655543,0,0,0
150,11,rho_y,64,64,0,-0.03707646367308641,-0.0013362235737353484,0.024790047375654652,-0.0627290633236589,-0.03800399247776742,-0.01030008762830253,0,0,0
150,12,eta,64,64,0,-0.18331595768352904,-0.0009173218915902066,0.020703641086525993,-0.20256209318483517,-0.1839503525798033,-0.16409425038785236,0,0,0
150,12,rho_y,64,64,0,-0.044249930299566774,-0.004774154374414495,0.018833629422099995,-0.06254488228890613,-0.046870767984284356,-0.025369324405570475,0,0,0
150,13,eta,64,64,0,-0.19973338570357052,-0.0014232567524195584,0.02555052660661494,-0.22554009397893662,-0.19721875769766656,-0.17309561183153035,0,0,0
150,13,rho_y,64,64,0,-0.0451926296559914,-0.0019488040052872222,0.023550346656593252,-0.06591855538092647,-0.04974892433922484,-0.016616928560949273,0,0,0
150,14,eta,64,64,0,-0.21694594538054646,-0.0028352569038339152,0.01880725941474122,-0.23389928475568142,-0.2173180271719667,-0.201403587513118,0,0,0
150,14,rho_y,64,64,0,-0.04993342773437637,-0.0028881658421007223,0.01908986117721418,-0.07159286858168573,-0.05022849407003965,-0.03317741941285617,0,0,0
150,15,eta,64,64,0,-0.22820893417430543,0.0015915229018439309,0.02156898234416939,-0.24947281307715108,-0.22725449044177232,-0.2076869959931085,0,0,0
150,15,rho_y,64,64,0,-0.052722451765680106,-0.0018414112484233785,0.022535693879979363,-0.07149607111474814,-0.05234362881544885,-0.03089767614441152,0,0,0
200,1,eta,64,64,0,0.0,0.0,0.0,0.0,0.0,0.0,0,0,0
200,1,rho_y,64,64,0,0.0,0.0,0.0,0.0,0.0,0.0,0,0,0
200,2,eta,64,64,0,-0.022888813877917084,-5.44079426881873e-05,0.01844104760077744,-0.04406907158607133,-0.022025403326245696,-0.0051854532329979235,0,0,0
200,2,rho_y,64,64,0,-0.004296363770824039,0.00031281467065752584,0.01430941984261641,-0.018433444879005667,-0.00212667928203758,0.005848191689003971,0,0,0
200,3,eta,64,64,0,-0.04063200850816952,0.004835422113036652,0.016272086674258168,-0.05864141589936889,-0.039041103854830894,-0.02493089941770369,0,0,0
200,3,rho_y,64,64,0,-0.00820378696930626,0.0010597489259299483,0.01712341466965119,-0.029514098658252733,-0.006615908371950641,0.006202491352759601,0,0,0
200,4,eta,64,64,0,-0.06711257156747745,0.0007864479071156422,0.01750916768653111,-0.08484002630220115,-0.06884943374803337,-0.048354717045068094,0,0,0
200,4,rho_y,64,64,0,-0.014960368256360093,-0.0009959697262849534,0.0180239839455769,-0.03097946922804705,-0.01760128467961164,0.004477609446814627,0,0,0
200,5,eta,64,64,0,-0.08907148216411584,0.001059706736531803,0.01606012803455509,-0.10433055268442029,-0.09069756432650189,-0.0725180090614783,0,0,0
200,5,rho_y,64,64,0,-0.015411251212974413,0.0033024102145016894,0.019187271656584848,-0.03258064239406085,-0.016927317921456964,0.004304186777178788,0,0,0
200,6,eta,64,64,0,-0.11159154728544096,0.0005717396029616458,0.01867402706530353,-0.12997745379570402,-0.1133130941345109,-0.0964414059630344,0,0,0
200,6,rho_y,64,64,0,-0.020704042854386182,0.0028086105119271808,0.0195562702933139,-0.0407017572251416,-0.020975405463666497,-0.0006092428518394733,0,0,0
200,7,eta,64,64,0,-0.13054015248286194,0.0034563078852994315,0.019913704805489957,-0.14816906101185154,-0.13198813726719133,-0.10982131156823849,0,0,0
200,7,rho_y,64,64,0,-0.026889250493427313,0.001474005473028301,0.016890303817234255,-0.043552487956619944,-0.029437962559180242,-0.011233700676587122,0,0,0
200,8,eta,64,64,0,-0.1547584176838321,0.0008739048012986004,0.017775214847669484,-0.17432982541866077,-0.15400994429558074,-0.13588199040948468,0,0,0
200,8,rho_y,64,64,0,-0.033381615403025436,-0.00011410931923007406,0.01649383640363529,-0.0499709520112289,-0.03026911372736485,-0.01998009550958283,0,0,0
200,9,eta,64,64,0,-0.1775033550507052,-0.00043322750168254404,0.018312329364963652,-0.19405189556684,-0.17823844327318145,-0.16000557023419654,0,0,0
200,9,rho_y,64,64,0,-0.04023328146409658,-0.002006240688683528,0.018445454347570032,-0.061443410078679504,-0.03718279295037763,-0.022681756453894236,0,0,0
200,10,eta,64,64,0,-0.19861445114994192,-0.0003043221987909621,0.015921275673146724,-0.21502547462372285,-0.19734166099088213,-0.18212754602823975,0,0,0
200,10,rho_y,64,64,0,-0.04261531956689939,0.0006285060838047835,0.01927937044287117,-0.06119467514493629,-0.04139352731053464,-0.025066070312020374,0,0,0
200,11,eta,64,64,0,-0.2180317640498997,0.0013211420168697842,0.01675063805018636,-0.23290084876575773,-0.2182926291029762,-0.20045340855481553,0,0,0
200,11,rho_y,64,64,0,-0.04880168652667481,-0.00048169856609146626,0.018426729210390628,-0.06615880146078974,-0.043704894019977236,-0.033844679518579834,0,0,0
200,12,eta,64,64,0,-0.2405665808447511,-0.0003666851746306453,0.01837474563314718,-0.2570752490858754,-0.24181488369299559,-0.22526825599454836,0,0,0
200,12,rho_y,64,64,0,-0.05467022224783685,-0.0012121703078586381,0.01764156220909978,-0.07243545655896218,-0.05171559435427292,-0.03893470758803589,0,0,0
200,13,eta,64,64,0,-0.25736184627841885,0.0034873826638828383,0.016277178022839386,-0.2727386381335555,-0.25684574040112873,-0.24116440462392139,0,0,0
200,13,rho_y,64,64,0,-0.056437874980179666,0.002221919260864952,0.018556867265425783,-0.07292636356130969,-0.05768658933443316,-0.038041482914262785,0,0,0
200,14,eta,64,64,0,-0.27982980646871575,0.0014712504403974966,0.017034896533074714,-0.2948824672445066,-0.27840835551405124,-0.26341248055695093,0,0,0
200,14,rho_y,64,64,0,-0.06144450623899601,0.0024831771298349046,0.017970357941753032,-0.07862443369765287,-0.05647609384553587,-0.045845737905133334,0,0,0
200,15,eta,64,64,0,-0.3024521248654585,-0.000896150796518563,0.016625906028576068,-0.318012798673305,-0.303450376055304,-0.28254155115928203,0,0,0
200,15,rho_y,64,64,0,-0.07218762989415216,-0.0029232109189514157,0.015447698845840746,-0.0840650488752145,-0.07282397609296731,-0.05778465529677835,0,0,0
250,1,eta,64,64,0,0.0,0.0,0.0,0.0,0.0,0.0,0,0,0
250,1,rho_y,64,64,0,0.0,0.0,0.0,0.0,0.0,0.0,0,0,0
250,2,eta,64,64,0,-0.028875321494501442,-0.0003639224715209447,0.020122806091272143,-0.048577398380244705,-0.029519288843680547,-0.0076020034247990045,0,0,0
250,2,rho_y,64,64,0,-0.003582376912554284,0.002186072306368105,0.01637950193730529,-0.020212416343636432,-0.005066407958886798,0.013421351366168961,0,0,0
250,3,eta,64,64,0,-0.05915927977180378,-0.0024509428010447334,0.021453799879077726,-0.08573191183843312,-0.05687697431159311,-0.036024551052698174,0,0,0
250,3,rho_y,64,64,0,-0.011169692770386687,0.0004383602833309061,0.01577170121109189,-0.02728393840154467,-0.01187346620185975,0.0022636138461879208,0,0,0
250,4,eta,64,64,0,-0.08546755795357674,-0.0008756184424941714,0.018388257518481735,-0.10123368352608296,-0.0861602701682595,-0.06757624127865221,0,0,0
250,4,rho_y,64,64,0,-0.01739997826380875,0.00012177210934365135,0.015694454908553833,-0.033173679176930426,-0.01796104373423857,-0.0018888324724726663,0,0,0
250,5,eta,64,64,0,-0.11219958298384532,-3.629609544271266e-05,0.016665627397802026,-0.12495190280646658,-0.11527004683732345,-0.09638125133601763,0,0,0
250,5,rho_y,64,64,0,-0.02204847893346759,0.00146417443284577,0.012658278284674833,-0.03440159104319365,-0.021751964876408902,-0.009527793993666947,0,0,0
250,6,eta,64,64,0,-0.1411160602335984,-0.001692299870801845,0.0175728175233832,-0.15923485296979156,-0.14123633013923803,-0.12149966489402897,0,0,0
250,6,rho_y,64,64,0,-0.02961336826920214,-2.9187362332712408e-05,0.01688550624062431,-0.04448263328551982,-0.02996885708404068,-0.013140761479540195,0,0,0
250,7,eta,64,64,0,-0.16887039637923634,-0.0024943728291919025,0.018651915697095525,-0.18729908091614694,-0.16943080471654454,-0.1490881283654018,0,0,0
250,7,rho_y,64,64,0,-0.033315605186692604,0.002424634912658463,0.015776309798701683,-0.05023495758961168,-0.0358788038361873,-0.019688692177297476,0,0,0
250,8,eta,64,64,0,-0.19368133005735516,-0.0006626992733678692,0.0168021702671384,-0.2116335094444853,-0.19391973174188792,-0.17717332196442884,0,0,0
250,8,rho_y,64,64,0,-0.04043017338387128,0.0015539635654077677,0.015834915931021508,-0.05616789364634548,-0.04304414961884573,-0.02240771972578502,0,0,0
250,9,eta,64,64,0,-0.2221720035112205,-0.002819097444450979,0.01924721753117321,-0.24025138545875518,-0.22056553710686017,-0.20800857809594192,0,0,0
250,9,rho_y,64,64,0,-0.04879162261823823,-0.00047163465765488223,0.014730462305823342,-0.0637354455193874,-0.04780201930765715,-0.033956016598428285,0,0,0
250,10,eta,64,64,0,-0.2480719676115313,-0.0026911766594971583,0.018821693202759265,-0.2645393807075189,-0.2500527392534413,-0.22600611115454958,0,0,0
250,10,rho_y,64,64,0,-0.05332067210592742,0.001431758059521759,0.01749084936907251,-0.06959850141536379,-0.0560305239982965,-0.036081272211107435,0,0,0
250,11,eta,64,64,0,-0.27334406981151643,-0.0022442625499344074,0.01745297991311348,-0.28954231331736163,-0.27586347077260515,-0.25789203999728844,0,0,0
250,11,rho_y,64,64,0,-0.06150923189053964,-0.00022391757611799762,0.01741871553910705,-0.07970204414728646,-0.06306683447251121,-0.042443493502987525,0,0,0
250,12,eta,64,64,0,-0.29872258177336847,-0.00221217209370286,0.019167716630240753,-0.3154046214421417,-0.296822154314103,-0.2817642664335542,0,0,0
250,12,rho_y,64,64,0,-0.07012873901657454,-0.002205187441349208,0.015397067646330217,-0.08372598381381648,-0.07016664170373027,-0.057012295359994455,0,0,0
250,13,eta,64,64,0,-0.3232411413492591,-0.001626679274673224,0.017131612677863454,-0.3418625023622489,-0.32057069565213164,-0.3059761611214687,0,0,0
250,13,rho_y,64,64,0,-0.07194654958610627,0.0027262900513806733,0.014999005223551668,-0.08915620451262839,-0.07183489563792922,-0.05506498523672392,0,0,0
250,14,eta,64,64,0,-0.3475929691607586,-0.0011838061686418062,0.01788165370109583,-0.3646654662218017,-0.34579577394311817,-0.33400159190510026,0,0,0
250,14,rho_y,64,64,0,-0.08082603190593152,0.0007119718700531151,0.019776175446846636,-0.09968578885671471,-0.07936391627345696,-0.062178471657365154,0,0,0
250,15,eta,64,64,0,-0.37105828668482377,-0.00016618491519737946,0.01711314694747392,-0.3866414759913683,-0.371796485316987,-0.3547192977622319,0,0,0
250,15,rho_y,64,64,0,-0.08731403595491599,0.0012103971052398032,0.015199082612171032,-0.10189315440651713,-0.08976203253205906,-0.06956023251978907,0,0,0
300,1,eta,64,64,0,0.0,0.0,0.0,0.0,0.0,0.0,0,0,0
300,1,rho_y,64,64,0,0.0,0.0,0.0,0.0,0.0,0.0,0,0,0
300,2,eta,64,64,0,-0.0357567217480524,-0.0015807065444196234,0.017792295512171423,-0.054169441227057746,-0.03458519060828408,-0.01688971390646412,0,0,0
300,2,rho_y,64,64,0,-0.008980619052719465,-0.0020500059241235786,0.012929619856536833,-0.02061155539209249,-0.007966086573086617,0.004027743054821471,0,0,0
300,3,eta,64,64,0,-0.06791218817486756,-1.3168700274478196e-05,0.01753178705538717,-0.08728753275251458,-0.06580081780717245,-0.05284590226465783,0,0,0
300,3,rho_y,64,64,0,-0.016796849769257764,-0.0028324512391826265,0.013198935331800625,-0.028027898532146843,-0.017457566396033297,-0.004889469324071826,0,0,0
300,4,eta,64,64,0,-0.09819589541928218,0.002976269121003695,0.020079471796549557,-0.1159590920662239,-0.09970254719145438,-0.07837533202921379,0,0,0
300,4,rho_y,64,64,0,-0.020022798349348375,0.0010840249014905275,0.016418232683727024,-0.03526588939549474,-0.021159128368604008,-0.0034765274508388377,0,0,0
300,5,eta,64,64,0,-0.13603209244778675,-0.0020356320796253557,0.016901883398769524,-0.1523907417935139,-0.1340340140129918,-0.12091612308875545,0,0,0
300,5,rho_y,64,64,0,-0.03009643665994253,-0.0017331806934869163,0.014333770826237376,-0.03961321159343939,-0.030395179733230915,-0.016084636760857002,0,0,0
300,6,eta,64,64,0,-0.16628194999571194,9.40735543324793e-05,0.017417050167045648,-0.1823979303109984,-0.1655320283020239,-0.15139867863961698,0,0,0
300,6,rho_y,64,64,0,-0.0353375556018769,0.000402684497474156,0.01231843912204765,-0.04739745418528168,-0.03439779244957042,-0.023360857865936297,0,0,0
300,7,eta,64,64,0,-0.20126497063612653,-0.0029548416849755586,0.013679648544834676,-0.21250214561682623,-0.20260329264330645,-0.1877443359064108,0,0,0
300,7,rho_y,64,64,0,-0.045546294348255544,-0.002302468697551373,0.013260548310636916,-0.05937563956543445,-0.0458233272681009,-0.035169191018966296,0,0,0
300,8,eta,64,64,0,-0.23090085813851757,-0.001100401062368219,0.017097043555302845,-0.2480106701893824,-0.2302787817683069,-0.21526455602370204,0,0,0
300,8,rho_y,64,64,0,-0.051123685298541846,-0.0002426447812851184,0.013846587997382757,-0.06418620468598643,-0.05155014534479446,-0.03532970942496794,0,0,0
300,9,eta,64,64,0,-0.26321007247824435,-0.002360843535942672,0.01742370560082071,-0.2800014689918368,-0.26497846012063886,-0.24292209810951151,0,0,0
300,9,rho_y,64,64,0,-0.06064972624389209,-0.001989932002847467,0.01725009726030702,-0.07689922853941852,-0.06113288853177501,-0.04151567834626299,0,0,0
300,10,eta,64,64,0,-0.29353268619646355,-0.002079721327538411,0.013938408845873754,-0.3084966883610785,-0.29246693766902493,-0.2802828826125319,0,0,0
300,10,rho_y,64,64,0,-0.06949902238770497,-0.0029117772187136903,0.014497334019249328,-0.08333462774563703,-0.07274501844833403,-0.05451820565411871,0,0,0
300,11,eta,64,64,0,-0.3228298947944467,-0.0012154327198608175,0.015506423457464433,-0.3386938956653913,-0.3214912312617129,-0.30773984355505446,0,0,0
300,11,rho_y,64,64,0,-0.07368815702527881,0.0009846826122081442,0.01401173844354164,-0.08577695646829049,-0.07342234981540141,-0.06042945271666765,0,0,0
300,12,eta,64,64,0,-0.35513015183331587,-0.0037993098611836026,0.0175834204706647,-0.3712787083107285,-0.35591503492294985,-0.3374226446738729,0,0,0
300,12,rho_y,64,64,0,-0.0869799196079596,-0.0040544733357943535,0.017080559392154977,-0.10434018442859976,-0.08863557529162364,-0.06981506128015515,0,0,0
300,13,eta,64,64,0,-0.38507060293172324,-0.004471654562573927,0.014693724160750739,-0.3996111230760761,-0.3842084114883781,-0.37215839840666415,0,0,0
300,13,rho_y,64,64,0,-0.09334352607845034,-0.0019888343977482424,0.016002359244699286,-0.10793784520553995,-0.0942689928832886,-0.08020115753127287,0,0,0
300,14,eta,64,64,0,-0.41061200206754234,-0.001196504937808306,0.016397200222307014,-0.4260540646491748,-0.41052170032002744,-0.3927273962726071,0,0,0
300,14,rho_y,64,64,0,-0.10073303907824005,-0.0007618367315708318,0.01563669825463117,-0.11948468437815733,-0.09984368896213547,-0.08577925560246259,0,0,0
300,15,eta,64,64,0,-0.43956991001164514,-0.001792237307486115,0.01888954716184874,-0.4597029003192395,-0.44072760386830484,-0.4203775109445467,0,0,0
300,15,rho_y,64,64,0,-0.11293884251042928,-0.004152058157898205,0.021498587488741974,-0.12880280868475522,-0.1115438998175255,-0.09504050806932346,0,0,0
350,1,eta,64,64,0,0.0,0.0,0.0,0.0,0.0,0.0,0,0,0
350,1,rho_y,64,64,0,0.0,0.0,0.0,0.0,0.0,0.0,0,0,0
350,2,eta,64,64,0,-0.0386607709093333,0.001167294951797888,0.013472212513840709,-0.05241366925318428,-0.039489823165556326,-0.024621314987921816,0,0,0
350,2,rho_y,64,64,0,-0.007675346414452271,0.00042028841036385184,0.014028350369802161,-0.02007169446577949,-0.007801624155885256,0.005439675935939768,0,0,0
350,3,eta,64,64,0,-0.07830549832548629,0.0007346127218082876,0.015604777251935277,-0.09336486041206597,-0.07860178711890597,-0.06574413976432543,0,0,0
350,3,rho_y,64,64,0,-0.016055622720772735,0.0002772877411111631,0.015424716927597868,-0.03241478607544074,-0.014659325657055133,-0.003327313093975767,0,0,0
350,4,eta,64,64,0,-0.11917619904862725,-0.0015360034128192833,0.01245326572205414,-0.13052913997170631,-0.12018567228149041,-0.10665917847620987,0,0,0
350,4,rho_y,64,64,0,-0.02514163931150625,-0.00042124578536938996,0.014518947985383803,-0.04094567420642253,-0.02564752074322063,-0.010800083799420292,0,0,0
350,5,eta,64,64,0,-0.15286586295524351,0.0027664595298871764,0.014512060579330157,-0.1651675365618177,-0.15411997442150455,-0.13767374535114782,0,0,0
350,5,rho_y,64,64,0,-0.030991002541411506,0.0022765035423838557,0.013761298555585945,-0.04269814443096047,-0.03279690496242438,-0.019450724116097672,0,0,0
350,6,eta,64,64,0,-0.19106220468374557,0.0019564261002416976,0.015078484642074877,-0.20557574069820916,-0.19168552832249636,-0.1749831018303909,0,0,0
350,6,rho_y,64,64,0,-0.04087557542339938,0.0011085615258796672,0.0140947616257656,-0.05588846573980328,-0.03995930115960378,-0.028224766597380692,0,0,0
350,7,eta,64,64,0,-0.22894399193910875,0.0008564651370406139,0.01320315933216761,-0.2405791719339972,-0.22820057966671636,-0.21753456114506695,0,0,0
350,7,rho_y,64,64,0,-0.05127925754726933,-0.0003982170300126063,0.013560294859487074,-0.062074096392781095,-0.051181360439946755,-0.03818609514756518,0,0,0
350,8,eta,64,64,0,-0.2653788638496995,0.0006018208314977867,0.012340171367883282,-0.2774716597000309,-0.2656210016682137,-0.252280862497001,0,0,0
350,8,rho_y,64,64,0,-0.058277260305652515,0.0016931991798959517,0.014409812458677585,-0.07239514725760877,-0.059297380847621595,-0.0456449305166758,0,0,0
350,9,eta,64,64,0,-0.30010940330473873,0.0014465707642012417,0.015770341637473092,-0.3163046785798455,-0.30032885964395745,-0.28410720268086803,0,0,0
350,9,rho_y,64,64,0,-0.0682389931176905,0.0010254258575102624,0.014934399598282737,-0.0824667693387188,-0.07072208845736061,-0.05301114310200446,0,0,0
350,10,eta,64,64,0,-0.3335600041016994,0.0029679663267268043,0.01353084017358898,-0.34571879786674836,-0.33486337089594953,-0.31865345993109695,0,0,0
350,10,rho_y,64,64,0,-0.07671644875947242,0.002061084830760007,0.013411868233557243,-0.08753744999790601,-0.0774418552916889,-0.06217277176379644,0,0,0
350,11,eta,64,64,0,-0.3691175800085309,0.0017745217610955141,0.013243068571893883,-0.38295530885548384,-0.3690157175050425,-0.3570604126131604,0,0,0
350,11,rho_y,64,64,0,-0.08693251782874545,0.0015919152314103381,0.014428582845948756,-0.09992942532295868,-0.08720906416462654,-0.07437665500417186,0,0,0
350,12,eta,64,64,0,-0.40397725800237316,0.0006669713077941727,0.013273689677344986,-0.41551804557248895,-0.40430156421858826,-0.39208189301131063,0,0,0
350,12,rho_y,64,64,0,-0.09819068379977422,0.000330936919686246,0.01736000274910099,-0.11273687662930594,-0.09665281294960626,-0.08072983845247994,0,0,0
350,13,eta,64,64,0,-0.4354572259938869,0.00232044671027214,0.015139724036886572,-0.45029492572337837,-0.4371119602301953,-0.4196275972379534,0,0,0
350,13,rho_y,64,64,0,-0.10730762619679014,0.0014791581557409388,0.01917841151224494,-0.13170935104633696,-0.10440001498441348,-0.09004568057977855,0,0,0
350,14,eta,64,64,0,-0.4684177077533677,0.001872064495341658,0.01545493204669166,-0.4823440500617389,-0.4680098903512959,-0.4533970983018133,0,0,0
350,14,rho_y,64,64,0,-0.11929976456027667,4.145432733261914e-05,0.018667348238203634,-0.1391109144085848,-0.11904174673075313,-0.09971470448908598,0,0,0
350,15,eta,64,64,0,-0.5009602955758553,0.0012103736076618937,0.01336945253846291,-0.5141888354076155,-0.5009940239212729,-0.4871026919920595,0,0,0
350,15,rho_y,64,64,0,-0.12692324445816383,0.0032833807651661932,0.016519456074408755,-0.14330957266769437,-0.1272189926348546,-0.11237552669568472,0,0,0
400,1,eta,64,64,0,0.0,0.0,0.0,0.0,0.0,0.0,0,0,0
400,1,rho_y,64,64,0,0.0,0.0,0.0,0.0,0.0,0.0,0,0,0
400,2,eta,64,64,0,-0.04792404703842108,-0.0024566164172149067,0.014381266709243074,-0.06516938658867999,-0.04739750087656586,-0.03270502486043742,0,0,0
400,2,rho_y,64,64,0,-0.008825495755038099,0.000438040140198109,0.012451449695737892,-0.021082355806492304,-0.007577859322589142,0.004663945468731476,0,0,0
400,3,eta,64,64,0,-0.09249276593725114,-0.002361577036603498,0.01600683562078675,-0.10745460537467622,-0.09689284217118455,-0.0755788510098072,0,0,0
400,3,rho_y,64,64,0,-0.01660031040994537,0.0021133510175307315,0.013999084385170609,-0.030470016313686753,-0.01808946330090566,-0.0025386278477853895,0,0,0
400,4,eta,64,64,0,-0.13620826539896447,-0.002211805030803078,0.015579634470236803,-0.15306594750768307,-0.13739213318502325,-0.11824191013680627,0,0,0
400,4,rho_y,64,64,0,-0.025734519095876485,0.002628736870579129,0.01448890723387655,-0.04149706655208403,-0.025187112384159882,-0.01104649243585085,0,0,0
400,5,eta,64,64,0,-0.1788024821611376,-0.0017323546121149527,0.01393532846538689,-0.19122139092752288,-0.17864742500712288,-0.1665477188358006,0,0,0
400,5,rho_y,64,64,0,-0.036558090020011216,0.0016689507554018407,0.01364554116935852,-0.04991350129113201,-0.038175343583290944,-0.02337479884802713,0,0,0
400,6,eta,64,64,0,-0.22321672520171873,-0.003863819134949254,0.015434083330864332,-0.24054288608559227,-0.22119754681605497,-0.20882153431017167,0,0,0
400,6,rho_y,64,64,0,-0.04827918133366446,4.080662691887879e-05,0.011971580091562642,-0.05955244472497978,-0.048477734790923654,-0.039307251375988124,0,0,0
400,7,eta,64,64,0,-0.26175857642752004,-0.0009093474852183425,0.01381337502689731,-0.27580276273680815,-0.2617154284005448,-0.24730872286747224,0,0,0
400,7,rho_y,64,64,0,-0.0582559672699866,0.00040382697105801474,0.013220707437348609,-0.07169789576950546,-0.058691073817878914,-0.04692275275044962,0,0,0
400,8,eta,64,64,0,-0.3045139866266347,-0.002958012557694739,0.013290610496560742,-0.3169820381432955,-0.30528027814091263,-0.28862641942721784,0,0,0
400,8,rho_y,64,64,0,-0.06727527026063396,0.0019891487145667925,0.012167059992866616,-0.07818117188710631,-0.06871085638190916,-0.05455880858502461,0,0,0
400,9,eta,64,64,0,-0.342994419759605,-0.001519691138433192,0.01447443780150246,-0.3579199784533276,-0.3422540808178781,-0.33046687961135207,0,0,0
400,9,rho_y,64,64,0,-0.07736760147752003,0.0027877520852392316,0.015469755459268437,-0.09364638160384407,-0.07728566213698335,-0.064016080718742,0,0,0
400,10,eta,64,64,0,-0.3835046550305691,-0.002905706661419734,0.0146595755646312,-0.3979563858301247,-0.38483111204437703,-0.36722019758173186,0,0,0
400,10,rho_y,64,64,0,-0.09030992292789876,0.0010447687528033437,0.01690747984575544,-0.10816285899928008,-0.09402778747870383,-0.07237037951788307,0,0,0
400,11,eta,64,64,0,-0.42105609611358996,-0.002135916628887664,0.014278857893200337,-0.43402516010393044,-0.42302935982894513,-0.4065988060758174,0,0,0
400,11,rho_y,64,64,0,-0.10083836331912174,0.0020486130457494593,0.01851566541454991,-0.1193852827152354,-0.10162588813801121,-0.08468497303960859,0,0,0
400,12,eta,64,64,0,-0.45887911678562165,-0.0024474959855573415,0.013457692854870895,-0.47103258497502576,-0.4603417097214968,-0.4469782124673174,0,0,0
400,12,rho_y,64,64,0,-0.11732467258274049,-0.0025439012721806247,0.01663021827640333,-0.1318965802602553,-0.11853294796699887,-0.10033023478696856,0,0,0
400,13,eta,64,64,0,-0.4954533404365262,-0.0023260969320064145,0.014727197829259587,-0.5097034978205437,-0.49624638048383046,-0.47910827129272604,0,0,0
400,13,rho_y,64,64,0,-0.12853307527413524,-0.0014638129457000583,0.016194228863600103,-0.1460142152724712,-0.1259070823099866,-0.11211686585608838,0,0,0
400,14,eta,64,64,0,-0.5299012124463359,-0.0009136554954586014,0.01389626214157298,-0.5456153810255953,-0.5285699937264292,-0.5165479260940157,0,0,0
400,14,rho_y,64,64,0,-0.13885842772492274,0.0009276438556331638,0.018358371444019545,-0.16010298838867487,-0.13674704839128976,-0.11847313567780574,0,0,0
400,15,eta,64,64,0,-0.5654943763927829,-0.001493118669950876,0.013543688413822376,-0.5788947368225593,-0.5629930107874052,-0.551906318072296,0,0,0
400,15,rho_y,64,64,0,-0.15216060913097618,0.0008128010034706822,0.01696594404000168,-0.16757593614492475,-0.15263537570867353,-0.13706573240615028,0,0,0
