method,state,display_label,duration_us,observable,unit,truth,draw_count,mean,median,q16,q84,empirical_sd,bias
dgi,connected_modulated,SSP,25,eta,ratio,1.0,64,1.009225766373532,1.0139474221758022,0.7852522259753295,1.2374004382931323,0.20416040116072004,0.009225766373532007
dgi,connected_modulated,SSP,25,d_peak,um,2.751540046488,64,2.7426932415065544,2.7413771135455,2.7033187443156397,2.78261692489134,0.04110313618984473,-0.008846804981445633
dgi,connected_modulated,SSP,25,nu_vp,ratio,0.6494770333465083,64,0.6405165400415698,0.6357379183946268,0.5958136768644248,0.6986266658447607,0.057941422825033895,-0.008960493304938533
dgi,connected_modulated,SSP,50,eta,ratio,1.0,64,1.004167278869235,1.0098636191097814,0.8394467754365778,1.1305484048888443,0.14390112435924388,0.004167278869235069
dgi,connected_modulated,SSP,50,d_peak,um,2.751540046488,64,2.7512740055263514,2.7565718532327503,2.71668166304744,2.78232822796182,0.03141868009395794,-0.000266040961648617
dgi,connected_modulated,SSP,50,nu_vp,ratio,0.6494770333465083,64,0.6483659549218193,0.6485393423431399,0.6199735939804313,0.6744851082902805,0.03207382537169548,-0.0011110784246890493
dgi,connected_modulated,SSP,100,eta,ratio,1.0,64,0.9943902171411043,1.0092063446485229,0.8820942474371261,1.1180952215639282,0.11024531090498005,-0.005609782858895684
dgi,connected_modulated,SSP,100,d_peak,um,2.751540046488,64,2.7451728375949216,2.7463088326152496,2.72463323105006,2.76221128164584,0.022704661968157108,-0.006367208893078402
dgi,connected_modulated,SSP,100,nu_vp,ratio,0.6494770333465083,64,0.649265344859559,0.6488486440161526,0.6296194320952101,0.6728215571848619,0.02197340254766735,-0.00021168848694930187
dgi,connected_modulated,SSP,200,eta,ratio,1.0,64,1.0088886014174454,1.010966961976333,0.929360080253877,1.089827073756537,0.08120314867577931,0.008888601417445408
dgi,connected_modulated,SSP,200,d_peak,um,2.751540046488,64,2.7521691470551874,2.75036896035525,2.74172994283406,2.7674626975112804,0.012588940537752783,0.0006291005671874572
dgi,connected_modulated,SSP,200,nu_vp,ratio,0.6494770333465083,64,0.6491579542041268,0.6499505161453092,0.6317359620334803,0.6665971917748422,0.016682649782216053,-0.0003190791423814954
dgi,connected_modulated,SSP,400,eta,ratio,1.0,64,1.007564033099658,1.0109215840194863,0.9472703331066086,1.0611274632961025,0.05831604996185079,0.00756403309965803
dgi,connected_modulated,SSP,400,d_peak,um,2.751540046488,64,2.7507313547760703,2.75121889579525,2.7407958950685,2.75984375561734,0.0088854397909814,-0.0008086917119296544
dgi,connected_modulated,SSP,400,nu_vp,ratio,0.6494770333465083,64,0.6481545729028089,0.6484979446171144,0.6381639710617464,0.6599193048388162,0.010816798789908518,-0.0013224604436994358
dgi,separated_droplets,ID,25,eta,ratio,1.0,64,0.9875105998435049,0.9906214129218625,0.9090935093634387,1.0756098516159298,0.07671560800297306,-0.012489400156495134
dgi,separated_droplets,ID,25,d_peak,um,2.799987273455,64,2.7985379182825705,2.79815612687925,2.77663667013342,2.82512047971608,0.022561432393055438,-0.0014493551724297227
dgi,separated_droplets,ID,25,nu_vp,ratio,0.08736061642362755,64,0.09411042755482874,0.09560677885273217,0.07657948484489122,0.11153050087235215,0.01738504498025323,0.006749811131201183
dgi,separated_droplets,ID,50,eta,ratio,1.0,64,0.9889493589249049,1.0026410336495384,0.9129896032940982,1.0465967334214152,0.07373934867413436,-0.011050641075095124
dgi,separated_droplets,ID,50,d_peak,um,2.799987273455,64,2.7979239999863594,2.798384794253,2.7839186277686596,2.8137011017634403,0.014851918175369952,-0.0020632734686407694
dgi,separated_droplets,ID,50,nu_vp,ratio,0.08736061642362755,64,0.08818178102846089,0.08602141621344156,0.07765006125390575,0.09990034775554493,0.01151563161665188,0.0008211646048333354
dgi,separated_droplets,ID,100,eta,ratio,1.0,64,1.0049257264007667,1.0051417915880712,0.9693805979339765,1.0388430453942934,0.03464742464795315,0.004925726400766717
dgi,separated_droplets,ID,100,d_peak,um,2.799987273455,64,2.8001002903710077,2.799646044981,2.7917145988385403,2.80904166439812,0.008718650584607078,0.0001130169160075134
dgi,separated_droplets,ID,100,nu_vp,ratio,0.08736061642362755,64,0.0862631280690832,0.08565502692244516,0.07710907799983366,0.09482677769770513,0.008292218968516181,-0.001097488354544346
dgi,separated_droplets,ID,200,eta,ratio,1.0,64,1.0001592678015427,0.9986528062837312,0.9780395270428898,1.0231261312118192,0.023678331268864677,0.00015926780154273956
dgi,separated_droplets,ID,200,d_peak,um,2.799987273455,64,2.7997534992166875,2.8004023939855,2.7915076898745803,2.8067855114010203,0.007906819388009202,-0.00023377423831272282
dgi,separated_droplets,ID,200,nu_vp,ratio,0.08736061642362755,64,0.08807362733573712,0.08704203357278621,0.083433072567287,0.09403264583463228,0.0051823015906058145,0.0007130109121095685
dgi,separated_droplets,ID,400,eta,ratio,1.0,64,0.9977226762839173,0.9975817920406933,0.9818757927131588,1.0147513634311272,0.017655281582279206,-0.002277323716082691
dgi,separated_droplets,ID,400,d_peak,um,2.799987273455,64,2.8003715526608675,2.8000197059142504,2.7958302324372806,2.80488681773638,0.004614890225959755,0.00038427920586725506
dgi,separated_droplets,ID,400,nu_vp,ratio,0.08736061642362755,64,0.08757548318062774,0.08782823776458612,0.08287064242039081,0.09181130213517229,0.004312120006280204,0.00021486675700019275
dpfi,connected_modulated,SSP,25,eta,ratio,1.0,64,1.0053783849643354,1.0048342197715536,0.971738710547379,1.035467371761746,0.03186831316890231,0.005378384964335403
dpfi,connected_modulated,SSP,25,d_peak,um,2.751540046488,64,2.737111287889914,2.74232680894975,2.68920724545372,2.79197812147956,0.0597743632232951,-0.014428758598085789
dpfi,connected_modulated,SSP,25,nu_vp,ratio,0.6494770333465083,64,0.6597607761199591,0.6604173377125548,0.6094225156308486,0.7170524290556064,0.05526160224515484,0.010283742773450788
dpfi,connected_modulated,SSP,50,eta,ratio,1.0,64,1.0052467408707364,1.0055943420537874,0.9868816165776748,1.0234322171351347,0.018097246020243547,0.005246740870736399
dpfi,connected_modulated,SSP,50,d_peak,um,2.751540046488,64,2.758012373996797,2.75192013352125,2.72593424678578,2.7891233171061,0.03390918454604424,0.0064723275087970045
dpfi,connected_modulated,SSP,50,nu_vp,ratio,0.6494770333465083,64,0.6469327276218078,0.6503131681138472,0.6125069412603557,0.6788134571512099,0.03854768050070805,-0.0025443057247005463
dpfi,connected_modulated,SSP,100,eta,ratio,1.0,64,0.9998558105049267,1.000659495542112,0.9884108509201793,1.0126534778361203,0.012342156136997781,-0.00014418949507333245
dpfi,connected_modulated,SSP,100,d_peak,um,2.751540046488,64,2.7469165533838202,2.75255892069125,2.7147267166544,2.77132710962488,0.02823439618845296,-0.0046234931041797545
dpfi,connected_modulated,SSP,100,nu_vp,ratio,0.6494770333465083,64,0.6502672848598721,0.6532852509221286,0.6241521119830592,0.6756359232383558,0.029309595949992915,0.00079025151336376
dpfi,connected_modulated,SSP,200,eta,ratio,1.0,64,0.9992704442232988,1.0006367495929365,0.9914901507611485,1.007661148982554,0.008649514607907317,-0.0007295557767011962
dpfi,connected_modulated,SSP,200,d_peak,um,2.751540046488,64,2.74655398601457,2.74556575206475,2.72455004268456,2.77527674159544,0.021898439841613746,-0.004986060473429976
dpfi,connected_modulated,SSP,200,nu_vp,ratio,0.6494770333465083,64,0.6539113755497606,0.6570216961451247,0.6295842878743597,0.6732160413962913,0.021349644787577702,0.004434342203252339
dpfi,connected_modulated,SSP,400,eta,ratio,1.0,64,1.0004802076281425,0.9999250627460717,0.994592624680996,1.0074669237216194,0.00597284677700386,0.00048020762814249274
dpfi,connected_modulated,SSP,400,d_peak,um,2.751540046488,64,2.750515075229453,2.7506361906807504,2.73859567822254,2.76076509504978,0.013098453086740654,-0.0010249712585470583
dpfi,connected_modulated,SSP,400,nu_vp,ratio,0.6494770333465083,64,0.6501040001184255,0.6503700022468327,0.6357426019661703,0.6606196146540106,0.014491804339318045,0.0006269667719172034
dpfi,separated_droplets,ID,25,eta,ratio,1.0,64,0.9962386511166734,0.9996835488696905,0.9607010452149132,1.0259066776283807,0.03463195388731942,-0.0037613488833265762
dpfi,separated_droplets,ID,25,d_peak,um,2.799987273455,64,2.799994181369133,2.80051346361,2.7673346190698003,2.8296360119669197,0.03461335203572386,6.90791413271441e-06
dpfi,separated_droplets,ID,25,nu_vp,ratio,0.08736061642362755,64,0.08532621479093647,0.08253784604471792,0.06889559468408453,0.10174415228142297,0.015963303660154426,-0.002034401632691085
dpfi,separated_droplets,ID,50,eta,ratio,1.0,64,0.9963554463876378,0.9953483571214943,0.9806953760719909,1.0123009886978886,0.01772522652639671,-0.003644553612362156
dpfi,separated_droplets,ID,50,d_peak,um,2.799987273455,64,2.7964177726015156,2.79595670565,2.7737414227861996,2.8194944698650604,0.021029744569465415,-0.0035695008534846195
dpfi,separated_droplets,ID,50,nu_vp,ratio,0.08736061642362755,64,0.08614994603830624,0.08506563789777732,0.07854139095596971,0.09452991824293837,0.010177024904293655,-0.0012106703853213135
dpfi,separated_droplets,ID,100,eta,ratio,1.0,64,0.9986653193530043,0.9981363393914402,0.9821278189166571,1.0158883838918078,0.014641452152317448,-0.0013346806469957118
dpfi,separated_droplets,ID,100,d_peak,um,2.799987273455,64,2.798355359713297,2.7994278541057502,2.7839424991020403,2.8126007183647803,0.015706091486682998,-0.0016319137417033502
dpfi,separated_droplets,ID,100,nu_vp,ratio,0.08736061642362755,64,0.0875240939607704,0.0868561881151427,0.08002090563218661,0.09375711923802028,0.007246221398730208,0.00016347753714285318
dpfi,separated_droplets,ID,200,eta,ratio,1.0,64,1.0013660873662285,1.000392818555204,0.9899462423705645,1.0123857471260609,0.01127979742613453,0.0013660873662284523
dpfi,separated_droplets,ID,200,d_peak,um,2.799987273455,64,2.8001534823161327,2.8000697478305003,2.7890658488059,2.8119880252338,0.011950060325508773,0.00016620886113249966
dpfi,separated_droplets,ID,200,nu_vp,ratio,0.08736061642362755,64,0.08744761677959462,0.08775039278619123,0.08198006822165145,0.09192477147149922,0.005084766327329054,8.700035596706512e-05
dpfi,separated_droplets,ID,400,eta,ratio,1.0,64,0.9993561908608545,0.9992121673625245,0.9919194489265889,1.0069112712928774,0.0073582218264779545,-0.0006438091391455236
dpfi,separated_droplets,ID,400,d_peak,um,2.799987273455,64,2.799380374396055,2.7993917486452498,2.7911646658494402,2.8066088121465405,0.008143156672200518,-0.0006068990589453982
dpfi,separated_droplets,ID,400,nu_vp,ratio,0.08736061642362755,64,0.0885528434083285,0.08832311371982048,0.0855219837771315,0.09123421450391886,0.0033595909089724394,0.0011922269847009503
