pulse_duration_us,image_q,method,count_scale_electrons_per_i0_pixel,whole_image_template_snr,signal_l2_norm,minimum_variance,maximum_variance,summed_variance,minimum_denominator_electrons,maximum_expected_plus_6sigma_electrons
25,1,dgi,28.666231564336307,18.34053892319406,1.4273230827148098,0.001199546436700926,0.009669490512783051,2.1550733266796156,28.666231564336307,61.064137921323436
25,1,dpfi,28.666231564336307,27.322328544710132,5.735650618194912,0.0372229908198323,0.05015969774481153,46.09295986803123,28.666231564336307,61.064137921323436
25,2,dgi,28.666231564336307,18.29323288512575,1.4215166002441106,0.0011995464377496186,0.009634967228807708,2.151554997855994,28.666231564336307,61.064137921323436
25,2,dpfi,28.666231564336307,27.268955979031634,5.723060586203871,0.03722295987842021,0.05011958104801631,46.08797955630803,28.666231564336307,61.064137921323436
25,3,dgi,28.666231564336307,18.245932608707612,1.4157228722181276,0.0011995464394747816,0.009600532377216685,2.148048519274041,28.666231564336307,61.064137921323436
25,3,dpfi,28.666231564336307,27.21556412327189,5.710472602316407,0.037222932557803325,0.05007949050713945,46.08301129347461,28.666231564336307,61.064137921323436
25,4,dgi,28.666231564336307,18.198637430487594,1.4099417955610714,0.0011995464418083988,0.009566185150776155,2.144553812238585,28.666231564336307,61.064137921323436
25,4,dpfi,28.666231564336307,27.16215226874793,5.697886496790654,0.03722290893694099,0.05003942554887027,46.07805500964412,28.666231564336307,61.064137921323436
25,5,dgi,28.666231564336307,18.151346400343215,1.404173219086534,0.0011995464447574023,0.009531924315260483,2.1410707802593505,28.666231564336307,61.064137921323436
25,5,dpfi,28.666231564336307,27.10871954801036,5.685302048273982,0.03722288891266539,0.049999385098558426,46.07311061830612,28.666231564336307,61.064137921323436
25,6,dgi,28.666231564336307,18.104059143011607,1.398417052024639,0.0011995464482881944,0.009497748892010218,2.137599367823217,28.666231564336307,61.064137921323436
25,6,dpfi,28.666231564336307,27.05526576827082,5.672719191319281,0.03722287247974123,0.04995936839128549,46.068178100910025,28.666231564336307,61.064137921323436
25,7,dgi,28.666231564336307,18.056776950366885,1.3926735080403005,0.0011995464523673813,0.009463660816666475,2.1341396363721143,28.666231564336307,61.064137921323436
25,7,dpfi,28.666231564336307,27.001791745448628,5.660138177673533,0.037222859632664806,0.049919377980166504,46.063257538620576,28.666231564336307,61.064137921323436
25,8,dgi,28.666231564336307,18.00950055163864,1.3869426396390023,0.0011995464541148424,0.009429660035083465,2.130691606712541,28.666231564336307,61.064137921323436
25,8,dpfi,28.666231564336307,26.948298326377884,5.647559199032118,0.037222850208158624,0.0498794141660906,46.05834899782485,28.666231564336307,61.064137921323436
25,9,dgi,28.666231564336307,17.96222914709662,1.381224315867959,0.0011995464490452948,0.009395745466166934,2.1272551933969233,28.666231564336307,61.064137921323436
25,9,dpfi,28.666231564336307,26.894784812015207,5.634982076768181,0.03722284431591893,0.04983947606609888,46.05345241918786,28.666231564336307,61.064137921323436
25,10,dgi,28.666231564336307,17.914961757218272,1.3755183990803967,0.0011995464448275328,0.00936191615698445,2.123830300154664,28.666231564336307,61.064137921323436
25,10,dpfi,28.666231564336307,26.84125019716892,5.6224065659759175,0.0372228418903295,0.04979956288503754,46.04856770050018,28.666231564336307,61.064137921323436
25,11,dgi,28.666231564336307,17.867699255995237,1.3698250229975861,0.0011995464414140664,0.009328173229006781,2.120416957435761,28.666231564336307,61.064137921323436
25,11,dpfi,28.666231564336307,26.78769502968941,5.6098328355578255,0.03722284276028956,0.04975967626780924,46.043694894831354,28.666231564336307,61.064137921323436
25,12,dgi,28.666231564336307,17.820440763898755,1.3641439950235799,0.0011995464388100908,0.009294514638283555,2.1170150752100256,28.666231564336307,61.064137921323436
25,12,dpfi,28.666231564336307,26.73411887424784,5.597260733023588,0.03722284714495438,0.0497198142232331,46.03883396031141,28.666231564336307,61.064137921323436
25,13,dgi,28.666231564336307,17.773183985329105,1.3584751042651313,0.0011995464369991943,0.00926093989500536,2.113624455015615,28.666231564336307,61.064137921323436
25,13,dpfi,28.666231564336307,26.680518351840583,5.584689530559395,0.03722285480152186,0.04967997640498832,46.03398458339717,28.666231564336307,61.064137921323436
25,14,dgi,28.666231564336307,17.72593354863101,1.3528188377715378,0.001199546435941916,0.00922745116107732,2.1102454044564505,28.666231564336307,61.064137921323436
25,14,dpfi,28.666231564336307,26.62689920098818,5.57212053506123,0.03722286570810738,0.049640165804891265,46.02914728873688,28.666231564336307,61.064137921323436
25,15,dgi,28.666231564336307,17.678688204690786,1.3471750441265002,0.0011995464356577903,0.009194047626572732,2.1068778066485416,28.666231564336307,61.064137921323436
25,15,dpfi,28.666231564336307,26.57325993955727,5.559553405759281,0.0372228800499806,0.04960038177988758,46.02432193921598,28.666231564336307,61.064137921323436
50,1,dgi,57.332463128672615,27.73225600505982,1.4273230827148098,0.00030163004143696676,0.004524555178520224,0.7170704562655141,57.332463128672615,102.95711296439424
50,1,dpfi,57.332463128672615,39.27896928074564,5.735650618194912,0.018013909508921618,0.024272258217331536,22.307145862511227,57.332463128672615,102.95711296439424
50,2,dgi,57.332463128672615,27.598290643568152,1.4157228722181276,0.00030163004282389466,0.004490243056102927,0.7135678853042874,57.332463128672615,102.95711296439424
50,2,dpfi,57.332463128672615,39.125462891446844,5.710472602316407,0.018013907670431137,0.024233454773913362,22.302343419398056,57.332463128672615,102.95711296439424
50,3,dgi,57.332463128672615,27.464336517983927,1.404173219086534,0.00030163004546520495,0.004456104303123182,0.7100887259689185,57.332463128672615,102.95711296439424
50,3,dpfi,57.332463128672615,38.97184141091654,5.685302048273982,0.01801391270107066,0.024194700622101148,22.29756411937613,57.332463128672615,102.95711296439424
50,4,dgi,57.332463128672615,27.330388770957317,1.3926735080403005,0.00030163004927019437,0.004422136185163823,0.7066327431831917,57.332463128672615,102.95711296439424
50,4,dpfi,57.332463128672615,38.8181004179939,5.660138177673533,0.018013924479508402,0.024155994051326433,22.292807816419085,57.332463128672615,102.95711296439424
50,5,dgi,57.332463128672615,27.19645379253162,1.381224315867959,0.00030163004760915126,0.004388340493434451,0.7031999903917332,57.332463128672615,102.95711296439424
50,5,dpfi,57.332463128672615,38.66424580478166,5.634982076768181,0.018013942810771216,0.024117338406006637,22.288074686213818,57.332463128672615,102.95711296439424
50,6,dgi,57.332463128672615,27.062526102526622,1.3698250229975861,0.00030163004379353694,0.004354714730014011,0.6997902221862826,57.332463128672615,102.95711296439424
50,6,dpfi,57.332463128672615,38.51027222451477,5.6098328355578255,0.018013967598434235,0.02407873219270804,22.283364552959327,57.332463128672615,102.95711296439424
50,7,dgi,57.332463128672615,26.928600727595523,1.3584751042651313,0.00030163004158610104,0.004321256807123068,0.6964032032732709,57.332463128672615,102.95711296439424
50,7,dpfi,57.332463128672615,38.35617385856444,5.584689530559395,0.018013998764529988,0.024040174357455264,22.278677232346407,57.332463128672615,102.95711296439424
50,8,dgi,57.332463128672615,26.79468422771516,1.3471750441265002,0.00030163004091539894,0.004287967808181447,0.6930389945220252,57.332463128672615,102.95711296439424
50,8,dpfi,57.332463128672615,38.20195812795139,5.559553405759281,0.018014036119271052,0.02400166746564189,22.274012943826555,57.332463128672615,102.95711296439424
50,9,dgi,57.332463128672615,26.66077650048625,1.335924740555159,0.00030163004170110735,0.004254846956366719,0.6896974879903818,57.332463128672615,102.95711296439424
50,9,dpfi,57.332463128672615,38.047625039511715,5.53442447986425,0.01801404021574897,0.023963211959868707,22.26937167583759,57.332463128672615,102.95711296439424
50,10,dgi,57.332463128672615,26.526877198722246,1.3247240842698202,0.000301630043853178,0.004221893591531111,0.6863785694156708,57.332463128672615,102.95711296439424
50,10,dpfi,57.332463128672615,37.89317413835202,5.509302703270602,0.01801400582188243,0.02392480839123555,22.26475340614597,57.332463128672615,102.95711296439424
50,11,dgi,57.332463128672615,26.39298714804212,1.3135730569790356,0.0003016300472755689,0.00418910718705176,0.6830821518488807,57.332463128672615,102.95711296439424
50,11,dpfi,57.332463128672615,37.738606184632836,5.484188232391128,0.018013979284326773,0.023886457491482254,22.26015814838805,57.332463128672615,102.95711296439424
50,12,dgi,57.332463128672615,26.25910165577643,1.3024711624652219,0.00030163004587962524,0.004156485812331731,0.6798080197829319,57.332463128672615,102.95711296439424
50,12,dpfi,57.332463128672615,37.583916294922055,5.459080266502663,0.018013960372946385,0.023848158324915204,22.25558574732171,57.332463128672615,102.95711296439424
50,13,dgi,57.332463128672615,26.12522352503537,1.2914185251203534,0.0003016300424854853,0.0041240292517822795,0.6765561328557472,57.332463128672615,102.95711296439424
50,13,dpfi,57.332463128672615,37.42910738663388,5.43397930756041,0.01801394892659385,0.023809911973238607,22.251036276850684,57.332463128672615,102.95711296439424
50,14,dgi,57.332463128672615,25.991359029807533,1.2804158382959205,0.00030163004077239425,0.004091740099741731,0.6733265396476326,57.332463128672615,102.95711296439424
50,14,dpfi,57.332463128672615,37.274183799639836,5.408886273049675,0.018013944766926658,0.02377172277272461,22.246509823187107,57.332463128672615,102.95711296439424
50,15,dgi,57.332463128672615,25.857505491457463,1.269462958992274,0.0003016300406538211,0.004059617992280255,0.6701190584669323,57.332463128672615,102.95711296439424
50,15,dpfi,57.332463128672615,37.11913934651797,5.383800347593962,0.018013947695973108,0.023733591612676654,22.242006154650817,57.332463128672615,102.95711296439424
75,1,dgi,85.99869469300893,34.88172979010227,1.4273230827148098,0.000134832654977201,0.002947438990597638,0.3979433692716108,85.99869469300893,141.7982736246489
75,1,dpfi,85.99869469300893,48.37650151502714,5.735650618194912,0.011876476139060075,0.016002040888204522,14.707134114673181,85.99869469300893,141.7982736246489
75,2,dgi,85.99869469300893,34.63623488162568,1.4099417955610716,0.00013483265667969187,0.0029132259063359037,0.39444993381336313,85.99869469300893,141.7982736246489
75,2,dpfi,85.99869469300893,48.09284525828813,5.697886496790654,0.011876485087937491,0.01596368317553804,14.70239468456318,85.99869469300893,141.7982736246489
75,3,dgi,85.99869469300893,34.39075576747134,1.3926735080403005,0.00013483266019935266,0.002879269851627123,0.39099136767704656,85.99869469300893,141.7982736246489
75,3,dpfi,85.99869469300893,47.80886329037659,5.660138177673533,0.01187650402260027,0.015925397158938332,14.697689443636904,85.99869469300893,141.7982736246489
75,4,dgi,85.99869469300893,34.14529802869544,1.375518399080397,0.0001348326576860699,0.002845570400532497,0.38756750752646985,85.99869469300893,141.7982736246489
75,4,dpfi,85.99869469300893,47.52456131963146,5.6224065659759175,0.011876532619036425,0.01588718534178184,14.693018470243201,85.99869469300893,141.7982736246489
75,5,dgi,85.99869469300893,33.89984653484235,1.3584751042651313,0.00013483265507662376,0.002812123840219909,0.3841779079078391,85.99869469300893,141.7982736246489
75,5,dpfi,85.99869469300893,47.23992292555498,5.584689530559395,0.011876570590524226,0.01584904649496153,14.688381475041567,85.99869469300893,141.7982736246489
75,6,dgi,85.99869469300893,33.654406827637075,1.341543685155144,0.00013483265477306575,0.0027789291772720107,0.3808224090737525,85.99869469300893,141.7982736246489
75,6,dpfi,85.99869469300893,46.95495504953301,5.54698805198199,0.011876545721021614,0.015810982453164254,14.683778554066599,85.99869469300893,141.7982736246489
75,7,dgi,85.99869469300893,33.40898172789277,1.3247240842698202,0.00013483265658800845,0.0027459853904956352,0.37750081868224417,85.99869469300893,141.7982736246489
75,7,dpfi,85.99869469300893,46.66966137324838,5.509302703270603,0.011876519248306414,0.01577299500080068,14.679209746163894,85.99869469300893,141.7982736246489
75,8,dgi,85.99869469300893,33.16356991817799,1.3080159512880336,0.000134832659498133,0.002713290878373464,0.3742128871624708,85.99869469300893,141.7982736246489
75,8,dpfi,85.99869469300893,46.38404053502838,5.471633390428222,0.01187650431480546,0.015735085240248924,14.674675008464263,85.99869469300893,141.7982736246489
75,9,dgi,85.99869469300893,32.91816502412853,1.2914185251203536,0.00013483265567621326,0.002680843040276725,0.3709583004953719,85.99869469300893,141.7982736246489
75,9,dpfi,85.99869469300893,46.09808618325334,5.43397930756041,0.01187650051601696,0.015697253108662386,14.670174217743334,85.99869469300893,141.7982736246489
75,10,dgi,85.99869469300893,32.67277951238426,1.2749329438105463,0.00013483265436238628,0.0026486442784164803,0.3677369997150923,85.99869469300893,141.7982736246489
75,10,dpfi,85.99869469300893,45.81180576242922,5.396341927491528,0.011876507402370472,0.015659504304071214,14.665707415288058,85.99869469300893,141.7982736246489
75,11,dgi,85.99869469300893,32.42743635428918,1.258560910501103,0.0001348326553786089,0.002616697835521636,0.36454904912511515,85.99869469300893,141.7982736246489
75,11,dpfi,85.99869469300893,45.52521946811666,5.358724329430006,0.011876524561770152,0.01562184560587577,14.661274838755407,85.99869469300893,141.7982736246489
75,12,dgi,85.99869469300893,32.18214649385361,1.2423028100129727,0.00013483265849027556,0.0025850034572035313,0.36139435131768005,85.99869469300893,141.7982736246489
75,12,dpfi,85.99869469300893,45.23834087300601,5.321128311538607,0.01187655165977354,0.015584279791507758,14.65687666097661,85.99869469300893,141.7982736246489
75,13,dgi,85.99869469300893,31.936901045642628,1.2261576322772256,0.00013483265504760723,0.0025535579591938386,0.35827255193560825,85.99869469300893,141.7982736246489
75,13,dpfi,85.99869469300893,44.951161048198415,5.283552672765218,0.011876588415037817,0.01554680617759612,14.65251270876695,85.99869469300893,141.7982736246489
75,14,dgi,85.99869469300893,31.691701183082063,1.2101252136242315,0.00013483265400799553,0.0025223602923084986,0.35518343069226455,85.99869469300893,141.7982736246489
75,14,dpfi,85.99869469300893,44.66368085192946,5.245997612800262,0.011876557609967277,0.015509426540749622,14.648182959376536,85.99869469300893,141.7982736246489
75,15,dgi,85.99869469300893,31.44654271386016,1.1942049206182979,0.00013483265541563803,0.0024914081598829295,0.35212670243453237,85.99869469300893,141.7982736246489
75,15,dpfi,85.99869469300893,44.37589642357122,5.208462622089895,0.011876535501682,0.015472141169094176,14.643887317105023,85.99869469300893,141.7982736246489
100,1,dgi,114.66492625734523,40.872948029028706,1.4273230827148098,7.627922649010937e-05,0.0021847300697922867,0.26841867636418365,114.66492625734523,179.05108428268812
100,1,dpfi,114.66492625734523,56.01811136706299,5.735650618194912,0.008857558279212177,0.011934231444897208,10.968739413379522,114.66492625734523,179.05108428268812
100,2,dgi,114.66492625734523,40.495799540459686,1.404173219086534,7.627922850422844e-05,0.0021505876879348252,0.26493269694427013,114.66492625734523,179.05108428268812
100,2,dpfi,114.66492625734523,55.58006737698391,5.685302048273982,0.008857573411719824,0.011896102329256059,10.964034262243834,114.66492625734523,179.05108428268812
100,3,dgi,114.66492625734523,40.11868443020596,1.381224315867959,7.627922957620163e-05,0.0021167871868049714,0.2614930936191845,114.66492625734523,179.05108428268812
100,3,dpfi,114.66492625734523,55.14135673324562,5.634982076768181,0.00885760156858855,0.011858069296242614,10.959374462261884,114.66492625734523,179.05108428268812
100,4,dgi,114.66492625734523,39.74159163146506,1.3584751042651313,7.627922656467648e-05,0.00208332511846663,0.2580993455780013,114.66492625734523,179.05108428268812
100,4,dpfi,114.66492625734523,54.7019671656114,5.584689530559395,0.008857623830561089,0.011820133717467906,10.954759851335158,114.66492625734523,179.05108428268812
100,5,dgi,114.66492625734523,39.36451904781841,1.335924740555159,7.627922662217963e-05,0.0020501983612845427,0.254751016708791,114.66492625734523,179.05108428268812
100,5,dpfi,114.66492625734523,54.26189791344425,5.53442447986425,0.00885759246111957,0.011782297306632994,10.950190389613326,114.66492625734523,179.05108428268812
100,6,dgi,114.66492625734523,38.98747400258448,1.3135730569790356,7.627922940941039e-05,0.002017405057384156,0.2514477627026633,114.66492625734523,179.05108428268812
100,6,dpfi,114.66492625734523,53.82115872892504,5.484188232391128,0.008857576745852065,0.011744563151064643,10.945666142044683,114.66492625734523,179.05108428268812
100,7,dgi,114.66492625734523,38.61044251985137,1.2914185251203534,7.62792270143686e-05,0.0019849411073657457,0.24818905484335652,114.66492625734523,179.05108428268812
100,7,dpfi,114.66492625734523,53.37973548108136,5.43397930756041,0.00885757584887062,0.011706931753935534,10.941186925748578,114.66492625734523,179.05108428268812
100,8,dgi,114.66492625734523,38.233448600846586,1.269462958992274,7.627922609853655e-05,0.0019528089412827786,0.2449747084689076,114.66492625734523,179.05108428268812
100,8,dpfi,114.66492625734523,52.93764344794733,5.383800347593962,0.008857589058216741,0.011669411083282726,10.93675278442355,114.66492625734523,179.05108428268812
100,9,dgi,114.66492625734523,37.85654459605724,1.2477094823713066,7.627922818656711e-05,0.001921012419285636,0.24180475992223285,114.66492625734523,179.05108428268812
100,9,dpfi,114.66492625734523,52.49493374541526,5.333657854960005,0.008857615693771028,0.011632010947845056,10.932364110948747,114.66492625734523,179.05108428268812
100,10,dgi,114.66492625734523,37.47973506224508,1.2261576322772254,7.627922654291407e-05,0.0018895492195077695,0.23867882548234023,114.66492625734523,179.05108428268812
100,10,dpfi,114.66492625734523,52.0516129369435,5.283552672765218,0.008857631103124305,0.011594734031034368,10.928020905200682,114.66492625734523,179.05108428268812
100,11,dgi,114.66492625734523,37.10300912198041,1.2048059831759037,7.627922592113691e-05,0.0018584154593251252,0.23559639803964832,114.66492625734523,179.05108428268812
100,11,dpfi,114.66492625734523,51.60767067208632,5.233483662598649,0.008857604001727581,0.01155758113499594,10.923723002346229,114.66492625734523,179.05108428268812
100,12,dgi,114.66492625734523,36.72636245944036,1.1836535524876366,7.627922791411399e-05,0.0018276079944085663,0.23255703336688208,114.66492625734523,179.05108428268812
100,12,dpfi,114.66492625734523,51.16310381321709,5.183450529981038,0.008857592699166222,0.011520553864248767,10.919470309565167,114.66492625734523,179.05108428268812
100,13,dgi,114.66492625734523,36.34978845262937,1.1626992375751781,7.627922546311092e-05,0.0017971235136931849,0.22956027596827455,114.66492625734523,179.05108428268812
100,13,dpfi,114.66492625734523,50.71790669804632,5.1334526802628275,0.008857596357901596,0.011483653551471322,10.91526270693593,114.66492625734523,179.05108428268812
100,14,dgi,114.66492625734523,35.97328264535503,1.141942058040498,7.627922658371471e-05,0.0017669588464477744,0.2266056939521469,114.66492625734523,179.05108428268812
100,14,dpfi,114.66492625734523,50.272076393776516,5.083489818045482,0.008857614237757439,0.011446881652758279,10.911100105558667,114.66492625734523,179.05108428268812
100,15,dgi,114.66492625734523,35.59681026403785,1.121379451710949,7.6279225143432e-05,0.0017371086521734676,0.2236926303612004,114.66492625734523,179.05108428268812
100,15,dpfi,114.66492625734523,49.825573667650104,5.033557611549794,0.00885764565560722,0.011410236874967124,10.906982083140507,114.66492625734523,179.05108428268812
125,1,dgi,143.33115782168153,46.12855794142823,1.4273230827148098,4.9097654115547664e-05,0.0017353764527189778,0.20031629280837526,143.33115782168153,215.28643338630246
125,1,dpfi,143.33115782168153,62.73668689063122,5.735650618194912,0.007062143187329964,0.009515081529714798,8.745418167843443,143.33115782168153,215.28643338630246
125,2,dgi,143.33115782168153,45.602370870176465,1.398417052024639,4.9097656433001334e-05,0.001701293245910012,0.19683708670895397,143.33115782168153,215.28643338630246
125,2,dpfi,143.33115782168153,62.1233336920757,5.672719191319281,0.0070621626610997985,0.009477094015342602,8.740735798931585,143.33115782168153,215.28643338630246
125,3,dgi,143.33115782168153,45.076245070779606,1.3698250229975861,4.909765505817572e-05,0.0016676366397281538,0.19341570730692967,143.33115782168153,215.28643338630246
125,3,dpfi,143.33115782168153,61.508816378451385,5.6098328355578255,0.007062198131763167,0.009439227451196037,8.736109926514208,143.33115782168153,215.28643338630246
125,4,dgi,143.33115782168153,44.5501456276185,1.3415436851551439,4.909765399306653e-05,0.0016343998490327466,0.1900512700229648,143.33115782168153,215.28643338630246
125,4,dpfi,143.33115782168153,60.89309774193024,5.54698805198199,0.007062170031285901,0.009401482394789462,8.731540219429245,143.33115782168153,215.28643338630246
125,5,dgi,143.33115782168153,44.02409563336246,1.3135730569790356,4.909765645098848e-05,0.0016015802801246496,0.18674328004664636,143.33115782168153,215.28643338630246
125,5,dpfi,143.33115782168153,60.27620726378263,5.484188232391128,0.007062155333271842,0.009363864025703477,8.727026844491853,143.33115782168153,215.28643338630246
125,6,dgi,143.33115782168153,43.498076634604786,1.2859109436773566,4.9097654110966314e-05,0.0015691727305429154,0.18349098691807325,143.33115782168153,215.28643338630246
125,6,dpfi,143.33115782168153,59.658125971845415,5.421431800631421,0.0070621590737123124,0.00932637449042626,8.72256960021285,143.33115782168153,215.28643338630246
125,7,dgi,143.33115782168153,42.97214287934113,1.2585609105011029,4.909765435639243e-05,0.0015371807687808864,0.1802941157639416,143.33115782168153,215.28643338630246
125,7,dpfi,143.33115782168153,59.038892146782786,5.358724329430006,0.007062180104119419,0.009289025989623199,8.71816857854475,143.33115782168153,215.28643338630246
125,8,dgi,143.33115782168153,42.446376741700476,1.2315267306066537,4.909765471230315e-05,0.0015056070849673183,0.17715252550712532,143.33115782168153,215.28643338630246
125,8,dpfi,143.33115782168153,58.41859294142521,5.2960754796016385,0.00706220161593585,0.009251829975969371,8.713824258570206,143.33115782168153,215.28643338630246
125,9,dgi,143.33115782168153,41.92076028652475,1.2048059831759037,4.909765366036968e-05,0.0014744461492963428,0.174065454972266,143.33115782168153,215.28643338630246
125,9,dpfi,143.33115782168153,57.79721144933548,5.233483662598649,0.00706217551014905,0.0092147883548639,8.709536420858676,143.33115782168153,215.28643338630246
125,10,dgi,143.33115782168153,41.39527802316419,1.178396364140303,4.909765448349747e-05,0.0014436924954453491,0.17103217327179504,143.33115782168153,215.28643338630246
125,10,dpfi,143.33115782168153,57.17473465111974,5.170947632902286,0.007062169056625812,0.009177902976935855,8.70530487691219,143.33115782168153,215.28643338630246
125,11,dgi,143.33115782168153,40.86992093070073,1.1522960450375648,4.909765340460266e-05,0.0014133413820921115,0.168052003045437,143.33115782168153,215.28643338630246
125,11,dpfi,143.33115782168153,56.55115626903508,5.108466874593267,0.007062180951661611,0.009141176422299,8.701129485516454,143.33115782168153,215.28643338630246
125,12,dgi,143.33115782168153,40.34464939463554,1.126501704201987,4.9097653336871204e-05,0.001383386309070516,0.16512411058084153,143.33115782168153,215.28643338630246
125,12,dpfi,143.33115782168153,55.926434481220014,5.046037279499544,0.0070622100616507715,0.009104609006907335,8.697009873154242,143.33115782168153,215.28643338630246
125,13,dgi,143.33115782168153,39.8194878790374,1.1010132362633283,4.909765374387085e-05,0.0013538245424960036,0.16224803457774392,143.33115782168153,215.28643338630246
125,13,dpfi,143.33115782168153,55.300603756162154,4.983662368265045,0.00706219179427356,0.009068205524767883,8.692946174031011,143.33115782168153,215.28643338630246
125,14,dgi,143.33115782168153,39.294433908182626,1.0758292314449815,4.90976527237391e-05,0.0013246518839334848,0.1594231698018257,143.33115782168153,215.28643338630246
125,14,dpfi,143.33115782168153,54.673666817385424,4.921342458097636,0.007062181975272152,0.009031968907740677,8.688938302939043,143.33115782168153,215.28643338630246
125,15,dgi,143.33115782168153,38.769466876716606,1.0509474531277954,4.909765231407381e-05,0.0012958631951115616,0.15664882580598533,143.33115782168153,215.28643338630246
125,15,dpfi,143.33115782168153,54.04560508278837,4.859075734404663,0.00706219120914456,0.008995900818241871,8.684986039106029,143.33115782168153,215.28643338630246
150,1,dgi,171.99738938601786,50.86461420493198,1.4273230827148098,3.4289307831545346e-05,0.001439253931090897,0.1589198838497728,171.99738938601786,250.79806208553637
150,1,dpfi,171.99738938601786,68.80273058352701,5.735650618194912,0.0058718396360861996,0.007911288149094014,7.271418827169436,171.99738938601786,250.79806208553637
150,2,dgi,171.99738938601786,50.17385915726399,1.3926735080403005,3.4289310442621205e-05,0.0014052244565725153,0.15544711994931604,171.99738938601786,250.79806208553637
150,2,dpfi,171.99738938601786,67.9953780842115,5.660138177673533,0.005871862529430803,0.007873399141829518,7.266753504830539,171.99738938601786,250.79806208553637
150,3,dgi,171.99738938601786,49.48319100004574,1.3584751042651313,3.4289307881256754e-05,0.0013717049045122195,0.15204350681674883,171.99738938601786,250.79806208553637
150,3,dpfi,171.99738938601786,67.18617441197141,5.584689530559395,0.0058718730249555364,0.007835655042476443,7.2621557309260965,171.99738938601786,250.79806208553637
150,4,dgi,171.99738938601786,48.79258148520578,1.3247240842698202,3.4289308636949084e-05,0.0013386875266519313,0.14870796221035393,171.99738938601786,250.79806208553637
150,4,dpfi,171.99738938601786,66.37509247484796,5.509302703270603,0.00587185064101227,0.007798058870388833,7.25762527744857,171.99738938601786,250.79806208553637
150,5,dgi,171.99738938601786,48.10203567314545,1.2914185251203536,3.4289308181051496e-05,0.001306166623015965,0.14543958954345615,171.99738938601786,250.79806208553637
150,5,dpfi,171.99738938601786,65.56214301172149,5.43397930756041,0.005871850873819011,0.007760615784249519,7.25316212545977,171.99738938601786,250.79806208553637
150,6,dgi,171.99738938601786,47.4116035075027,1.258560910501103,3.428930803224931e-05,0.0012741427380398853,0.1422377394467997,171.99738938601786,250.79806208553637
150,6,dpfi,171.99738938601786,64.74735750060927,5.358724329430006,0.005871872038236459,0.007723338038456361,7.248766247806354,171.99738938601786,250.79806208553637
150,7,dgi,171.99738938601786,46.721426593498606,1.2261576322772256,3.428930786674848e-05,0.0012426199797467737,0.13910215800864945,171.99738938601786,250.79806208553637
150,7,dpfi,171.99738938601786,63.93087793972053,5.283552672765218,0.005871878870488044,0.0076862422859144295,7.2444381858841,171.99738938601786,250.79806208553637
150,8,dgi,171.99738938601786,46.03148051664706,1.1942049206182979,3.4289308050763876e-05,0.0012115907567732177,0.13603179520729253,171.99738938601786,250.79806208553637
150,8,dpfi,171.99738938601786,63.11268370419293,5.208462622089895,0.005871860820138958,0.007649331664878367,7.240177688030354,171.99738938601786,250.79806208553637
150,9,dgi,171.99738938601786,45.34174273016023,1.1626992375751781,3.4289307146879704e-05,0.0011810477843577265,0.1330256359117844,171.99738938601786,250.79806208553637
150,9,dpfi,171.99738938601786,62.29275651818097,5.1334526802628275,0.005871865597565799,0.007612609458884482,7.235984517531277,171.99738938601786,250.79806208553637
150,10,dgi,171.99738938601786,44.65217138013085,1.131636247891353,3.428930759629683e-05,0.00115098301458693,0.1300826081256008,171.99738938601786,250.79806208553637
150,10,dpfi,171.99738938601786,61.47105624034681,5.058519309826452,0.005871891479897341,0.007576077809652575,7.231858331659432,171.99738938601786,250.79806208553637
150,11,dgi,171.99738938601786,43.962755857102486,1.1010132362633285,3.4289307521814664e-05,0.001121390123182501,0.12720180142186227,171.99738938601786,250.79806208553637
150,11,dpfi,171.99738938601786,60.64757952123934,4.983662368265045,0.0058718774789992476,0.007539740723411323,7.2277989777368195,171.99738938601786,250.79806208553637
150,12,dgi,171.99738938601786,43.273512930786346,1.0708286933709161,3.4289306949190644e-05,0.0010922639111835383,0.12438243508700417,171.99738938601786,250.79806208553637
150,12,dpfi,171.99738938601786,59.822357509866464,4.908884759363959,0.005871871601841853,0.007503603453039296,7.223806467294477,171.99738938601786,250.79806208553637
150,13,dgi,171.99738938601786,42.584404421766216,1.0410788099119084,3.4289306096447976e-05,0.0010635970689503527,0.12162352082084274,171.99738938601786,250.79806208553637
150,13,dpfi,171.99738938601786,58.99535586119118,4.834183429093136,0.0058718881869909,0.00746766846803412,7.2198804873407525,171.99738938601786,250.79806208553637
150,14,dgi,171.99738938601786,41.89540500160362,1.0117604634279198,3.4289306059881096e-05,0.001035382988198656,0.11892414838279332,171.99738938601786,250.79806208553637
150,14,dpfi,171.99738938601786,58.16655630737589,4.759556765914377,0.00587189124638898,0.007431938910937072,7.216020806424942,171.99738938601786,250.79806208553637
150,15,dgi,171.99738938601786,41.20656802959467,0.9828752036362192,3.428931196603618e-05,0.0010076208125849562,0.11628373296632868,171.99738938601786,250.79806208553637
150,15,dpfi,171.99738938601786,57.336013587572715,4.685010534108813,0.005871881472231246,0.007396425069949487,7.212227451182288,171.99738938601786,250.79806208553637
175,1,dgi,200.66362095035416,55.20886935792429,1.4273230827148098,2.533446553025661e-05,0.0012294259534810234,0.13131274116274008,200.66362095035416,285.76080277333085
175,1,dpfi,200.66362095035416,74.37590047325476,5.735650618194912,0.005024874981937908,0.006770116499834677,6.222585742043132,200.66362095035416,285.76080277333085
175,2,dgi,200.66362095035416,54.339382115789554,1.3869426396390023,2.533446801795895e-05,0.0011954470938843739,0.12784623327059003,200.66362095035416,285.76080277333085
175,2,dpfi,200.66362095035416,73.35749364017343,5.647559199032117,0.005024900745713889,0.00673230141396755,6.217934197625281,200.66362095035416,285.76080277333085
175,3,dgi,200.66362095035416,53.47001114445181,1.3471750441265002,2.5334465381237224e-05,0.0011620610053773692,0.12446013949563055,200.66362095035416,285.76080277333085
175,3,dpfi,200.66362095035416,72.3363480217423,5.55955340575928,0.005024892856828633,0.006694655311754436,6.213361243995051,200.66362095035416,285.76080277333085
175,4,dgi,200.66362095035416,52.60074180647808,1.3080159512880336,2.533446746779893e-05,0.0011292586982013487,0.12115312476715653,200.66362095035416,285.76080277333085
175,4,dpfi,200.66362095035416,71.31245446291695,5.471633390428221,0.005024881481466783,0.006657183974667663,6.208866735846446,200.66362095035416,285.76080277333085
175,5,dgi,200.66362095035416,51.731576186789404,1.269462958992274,2.533446530650071e-05,0.0010970336672985637,0.11792395893785125,200.66362095035416,285.76080277333085
175,5,dpfi,200.66362095035416,70.28580835595908,5.383800347593962,0.005024895431690429,0.006619895788882639,6.2044504989599405,200.66362095035416,285.76080277333085
175,6,dgi,200.66362095035416,50.86273703556165,1.2315267306066537,2.5334465956510526e-05,0.001065392789028649,0.11477226121381459,200.66362095035416,285.76080277333085
175,6,dpfi,200.66362095035416,69.25661433278441,5.2960754796016385,0.00502491073120624,0.0065828146565224685,6.2001130821144,200.66362095035416,285.76080277333085
175,7,dgi,200.66362095035416,49.99425186446124,1.1942049206182976,2.533446571815821e-05,0.0010343292213360342,0.11169685842135604,200.66362095035416,285.76080277333085
175,7,dpfi,200.66362095035416,68.22490866735704,5.208462622089894,0.005024892099216816,0.006545948906262839,6.19585443008453,200.66362095035416,285.76080277333085
175,8,dgi,200.66362095035416,49.12607580620181,1.1574915105218848,2.5334464920488343e-05,0.0010038326357066274,0.1086963401378577,200.66362095035416,285.76080277333085
175,8,dpfi,200.66362095035416,67.19065264582792,5.120958724992467,0.00502490005326694,0.006509302538962248,6.191674190351531,200.66362095035416,285.76080277333085
175,9,dgi,200.66362095035416,48.25813238237275,1.121379451710949,2.5334464760726678e-05,0.0009738919885458559,0.10576923405392724,200.66362095035416,285.76080277333085
175,9,dpfi,200.66362095035416,66.15377043695784,5.033557611549794,0.005024919878703385,0.0064728783115353215,6.1875718704358516,200.66362095035416,285.76080277333085
175,10,dgi,200.66362095035416,47.39045053520936,1.0858663435573421,2.533446449448327e-05,0.0009445002382331663,0.1029144623287481,200.66362095035416,285.76080277333085
175,10,dpfi,200.66362095035416,65.11431278342837,4.946263772040071,0.005024901381094401,0.006436683529266865,6.183547484495664,200.66362095035416,285.76080277333085
175,11,dgi,200.66362095035416,46.5229994266194,1.0509474531277954,2.5334464243489573e-05,0.0009156485139571691,0.10013077399673864,200.66362095035416,285.76080277333085
175,11,dpfi,200.66362095035416,64.07226051625207,4.859075734404664,0.0050249102042136,0.006400723023423084,6.179600760413292,200.66362095035416,285.76080277333085
175,12,dgi,200.66362095035416,45.65572132646774,1.0166170498892297,2.5334463750803565e-05,0.0008873270644959486,0.09741686888838723,200.66362095035416,285.76080277333085
175,12,dpfi,200.66362095035416,63.027565555799576,4.77198948871937,0.005024920641075518,0.006365000231094762,6.175731319750754,200.66362095035416,285.76080277333085
175,13,dgi,200.66362095035416,44.78866428938641,0.982875203636219,2.53344690741059e-05,0.0008595321716631357,0.09477181419070103,200.66362095035416,285.76080277333085
175,13,dpfi,200.66362095035416,61.980283245743806,4.685010534108813,0.005024910245720134,0.006329525931630064,6.17193909813897,200.66362095035416,285.76080277333085
175,14,dgi,200.66362095035416,43.92201404884749,0.9497299040997033,2.5334476992426302e-05,0.0008322687762052238,0.09219509183395036,200.66362095035416,285.76080277333085
175,14,dpfi,200.66362095035416,60.930583956682675,4.598155524860258,0.0050249268868285376,0.006294321984492829,6.168224262330976,200.66362095035416,285.76080277333085
175,15,dgi,200.66362095035416,43.055891239153354,0.9171822241737606,2.533448665689107e-05,0.0008055331089087222,0.08968593908884562,200.66362095035416,285.76080277333085
175,15,dpfi,200.66362095035416,59.87863352641488,4.511437770004765,0.005024919689017489,0.006259399501934139,6.16458710071953,200.66362095035416,285.76080277333085
200,1,dgi,229.32985251469046,59.244185997697855,1.4273230827148098,1.9505664687961176e-05,0.0010729781550291872,0.1116802002399485,229.32985251469046,320.28871514241274
200,1,dpfi,229.32985251469046,79.55975981916527,5.735650618194912,0.004391430020793931,0.0059166413065064654,5.438161327220737,229.32985251469046,320.28871514241274
200,2,dgi,229.32985251469046,58.182857788397264,1.381224315867959,1.95056662310073e-05,0.0010390478284244224,0.10821982141542173,229.32985251469046,320.28871514241274
200,2,dpfi,229.32985251469046,78.31450451358386,5.634982076768181,0.004391458325095007,0.005878884671431134,5.433521510919684,229.32985251469046,320.28871514241274
200,3,dgi,229.32985251469046,57.121682832006314,1.335924740555159,1.9505664753996305e-05,0.0010057929014175673,0.10485107653279556,229.32985251469046,320.28871514241274
200,3,dpfi,229.32985251469046,77.06540979047261,5.53442447986425,0.004391439318871056,0.0058413214849911575,5.428971332730295,229.32985251469046,320.28871514241274
200,4,dgi,229.32985251469046,56.060652542652186,1.2914185251203534,1.950566495009079e-05,0.0009732021740515244,0.10157227452554901,229.32985251469046,320.28871514241274
200,4,dpfi,229.32985251469046,75.81247646461209,5.43397930756041,0.004391438270828732,0.005803959818796825,5.424510659705097,229.32985251469046,320.28871514241274
200,5,dgi,229.32985251469046,54.9998871107209,1.2477094823713066,1.950566553619005e-05,0.0009412741749476259,0.09838219511379097,229.32985251469046,320.28871514241274
200,5,dpfi,229.32985251469046,74.55579591648424,5.333657854960005,0.004391464993714937,0.00576681866575121,5.420139510019387,229.32985251469046,320.28871514241274
200,6,dgi,229.32985251469046,53.93963819952269,1.2048059831759037,1.9505664403474932e-05,0.0009100105137816907,0.0952799748644293,229.32985251469046,320.28871514241274
200,6,dpfi,229.32985251469046,73.29562094753553,5.233483662598649,0.0043914462333122005,0.00572992095322788,5.4158584058320045,229.32985251469046,320.28871514241274
200,7,dgi,229.32985251469046,52.879841075750846,1.1626992375751781,1.9505664174461943e-05,0.0008793978789791463,0.09226377140868883,229.32985251469046,320.28871514241274
200,7,dpfi,229.32985251469046,72.03189536344571,5.1334526802628275,0.004391449707786126,0.005693272253377211,5.411666905488704,229.32985251469046,320.28871514241274
200,8,dgi,229.32985251469046,51.82039571210977,1.121379451710949,1.9505664014622486e-05,0.0008494223506261054,0.08933170723328401,229.32985251469046,320.28871514241274
200,8,dpfi,229.32985251469046,70.76452236122672,5.033557611549794,0.004391467675702114,0.005656876870111713,5.4075644441415545,229.32985251469046,320.28871514241274
200,9,dgi,229.32985251469046,50.761317569343795,1.0808417904725431,1.9505663735345477e-05,0.0008200738337701092,0.08648228312849862,229.32985251469046,320.28871514241274
200,9,dpfi,229.32985251469046,69.49354447843828,4.933802135827888,0.00439145228645666,0.00562074326689414,5.403550913672172,229.32985251469046,320.28871514241274
200,10,dgi,229.32985251469046,49.70255114131825,1.0410788099119084,1.9505663386638144e-05,0.0007913403635828272,0.08371384987495417,229.32985251469046,320.28871514241274
200,10,dpfi,229.32985251469046,68.21892408413865,4.834183429093136,0.004391467608440609,0.005584877241742484,5.399625939645064,229.32985251469046,320.28871514241274
200,11,dgi,229.32985251469046,48.64403068871977,1.0020831854227839,1.9505664534666726e-05,0.0007632103082913198,0.08102478763166043,229.32985251469046,320.28871514241274
200,11,dpfi,229.32985251469046,66.94061186244514,4.734697775416378,0.004391462050704439,0.005549284554614678,5.395789113157379,229.32985251469046,320.28871514241274
200,12,dgi,229.32985251469046,47.58593628820021,0.9638611467167729,1.950567155824089e-05,0.00073568479859148,0.07841414915603444,229.32985251469046,320.28871514241274
200,12,dpfi,229.32985251469046,65.65877773886596,4.635361162466344,0.0043914666087278035,0.005513986823948096,5.392040470300808,229.32985251469046,320.28871514241274
200,13,dgi,229.32985251469046,46.528560854685594,0.9264210094595775,1.950568060437673e-05,0.0007087655966626398,0.07588121306936951,229.32985251469046,320.28871514241274
200,13,dpfi,229.32985251469046,64.37375367035568,4.536200730863073,0.0043914713615933075,0.005479006906664717,5.388380497061018,229.32985251469046,320.28871514241274
200,14,dgi,229.32985251469046,45.47185016693147,0.8897551036668898,1.95056916053665e-05,0.0006824408433152152,0.07342439584347309,229.32985251469046,320.28871514241274
200,14,dpfi,229.32985251469046,63.08551628620278,4.437213623017809,0.0043914713451613215,0.005444350201574215,5.384808743943685,229.32985251469046,320.28871514241274
200,15,dgi,229.32985251469046,44.41572989696565,0.8538555090969168,1.9505704510160236e-05,0.0006566987259001423,0.07104212227964778,229.32985251469046,320.28871514241274
200,15,dpfi,229.32985251469046,61.79401986376365,4.338395220662315,0.004391476847008684,0.005410021662189168,5.3813247064503695,229.32985251469046,320.28871514241274
225,1,dgi,257.9960840790268,63.027885802436415,1.4273230827148098,1.5497978630573535e-05,0.0009518436064588375,0.09704618905850797,257.9960840790268,354.46109860162437
225,1,dpfi,257.9960840790268,84.42600843383298,5.735650618194912,0.0038998045499588365,0.005254251589394176,4.829357389186924,257.9960840790268,354.46109860162437
225,2,dgi,257.9960840790268,61.76245580659624,1.375518399080397,1.5497979533529847e-05,0.0009179603203483524,0.09359184408011019,257.9960840790268,354.46109860162437
225,2,dpfi,257.9960840790268,82.93912137261358,5.6224065659759175,0.0038998345319252517,0.005216543008012761,4.824727923793269,257.9960840790268,354.46109860162437
225,3,dgi,257.9960840790268,60.49722928643527,1.3247240842698202,1.5497979167509363e-05,0.0008848349803022016,0.09024031988895415,257.9960840790268,354.46109860162437
225,3,dpfi,257.9960840790268,81.447071856525,5.509302703270603,0.0038998095421990835,0.00517905288470111,4.820199163713853,257.9960840790268,354.46109860162437
225,4,dgi,257.9960840790268,59.23220693763854,1.2749329438105463,1.5497978425635306e-05,0.0008524544533242587,0.08698952508454516,257.9960840790268,354.46109860162437
225,4,dpfi,257.9960840790268,79.94986702970401,5.396341927491527,0.0038998182387975024,0.005141792530613819,4.815770936994112,257.9960840790268,354.46109860162437
225,5,dgi,257.9960840790268,57.967719326448744,1.2261576322772256,1.549797865404229e-05,0.0008208224309755949,0.08383830134817638,257.9960840790268,354.46109860162437
225,5,dpfi,257.9960840790268,78.44779772965957,5.283552672765218,0.003899826566283219,0.005104792456635481,4.811443642033984,257.9960840790268,354.46109860162437
225,6,dgi,257.9960840790268,56.70389105455579,1.178396364140303,1.5497978834990093e-05,0.0007899301284229654,0.08078487368377951,257.9960840790268,354.46109860162437
225,6,dpfi,257.9960840790268,76.94100330362816,5.170947632902286,0.0038998176369102,0.005068069203074935,4.8072173148019335,257.9960840790268,354.46109860162437
225,7,dgi,257.9960840790268,55.44060629386416,1.131636247891353,1.549797847374119e-05,0.0007597605997597841,0.07782690870434879,257.9960840790268,354.46109860162437
225,7,dpfi,257.9960840790268,75.42937555971147,5.058519309826452,0.0038998414092945863,0.005031629313241088,4.803091337833152,257.9960840790268,354.46109860162437
225,8,dgi,257.9960840790268,54.177787075716815,1.0858663435573421,1.5497977824972045e-05,0.0007302983044261158,0.07496224873387719,257.9960840790268,354.46109860162437
225,8,dpfi,257.9960840790268,73.91285576783201,4.94626377204007,0.0038998240366554062,0.004995480309215386,4.799065241550295,257.9960840790268,354.46109860162437
225,9,dgi,257.9960840790268,52.91542499572808,1.0410788099119084,1.549797747384195e-05,0.0007015299711462354,0.07218896559531396,257.9960840790268,354.46109860162437
225,9,dpfi,257.9960840790268,72.3914721741299,4.834183429093136,0.0038998383091908913,0.004959631886205733,4.795138783133242,257.9960840790268,354.46109860162437
225,10,dgi,257.9960840790268,51.65341272315161,0.997262830664854,1.549797917409064e-05,0.000673440615545208,0.06950498057352647,257.9960840790268,354.46109860162437
225,10,dpfi,257.9960840790268,70.8651371698624,4.722272037819475,0.0038998314592062822,0.004924091054726436,4.791311403277073,257.9960840790268,354.46109860162437
225,11,dgi,257.9960840790268,50.39204730423738,0.9544281216021332,1.5497986581681934e-05,0.0006460322220125683,0.0669091446250132,257.9960840790268,354.46109860162437
225,11,dpfi,257.9960840790268,69.33413942307483,4.6105546451634645,0.0038998424926410696,0.004888885899221224,4.78758321689561,257.9960840790268,354.46109860162437
225,12,dgi,257.9960840790268,49.13165142978567,0.912580988846339,1.549799624476735e-05,0.0006193026922974641,0.06440029057095763,257.9960840790268,354.46109860162437
225,12,dpfi,257.9960840790268,67.79886475187477,4.4990604319253125,0.003899837443761279,0.004854039834429531,4.783954594568207,257.9960840790268,354.46109860162437
225,13,dgi,257.9960840790268,47.87213219160112,0.8717102532563799,1.549800808279042e-05,0.0005932369246192484,0.06197641000448654,257.9960840790268,354.46109860162437
225,13,dpfi,257.9960840790268,66.25926442827614,4.387784307393956,0.0038998518173450443,0.004819559372590356,4.780424936926638,257.9960840790268,354.46109860162437
225,14,dgi,257.9960840790268,46.613323113612736,0.8318031096269047,1.549802205139359e-05,0.000567819037924909,0.059635438456488346,257.9960840790268,354.46109860162437
225,14,dpfi,257.9960840790268,64.7152045524091,4.276714972345754,0.0038998439506296523,0.004785449247232763,4.776993466392965,257.9960840790268,354.46109860162437
225,15,dgi,257.9960840790268,45.35524600466378,0.7928532760322975,1.5498038237798913e-05,0.0005430374390697396,0.05737573670017481,257.9960840790268,354.46109860162437
225,15,dpfi,257.9960840790268,63.16678972752951,4.1658581144993,0.0038998504984129496,0.004751719289569729,4.77365994373627,257.9960840790268,354.46109860162437
250,1,dgi,286.66231564336306,66.6015529774661,1.4273230827148098,1.2623099981233981e-05,0.000855280623244637,0.0857394981212159,286.66231564336306,388.33573086662125
250,1,dpfi,286.66231564336306,89.0267192607054,5.735650618194912,0.003507168157625201,0.00472523713865443,4.3431357210615475,286.66231564336306,388.33573086662125
250,2,dgi,286.66231564336306,65.12046596332809,1.3698250229975861,1.2623100452548007e-05,0.0008214434444845017,0.0822911233922009,286.66231564336306,388.33573086662125
250,2,dpfi,286.66231564336306,87.28425596239055,5.6098328355578255,0.003507190068272178,0.004687569487950156,4.338515647478852,286.66231564336306,388.33573086662125
250,3,dgi,286.66231564336306,63.639644688023274,1.3135730569790356,1.262310114895439e-05,0.0007884463742796491,0.07895670990783885,286.66231564336306,388.33573086662125
250,3,dpfi,286.66231564336306,85.53507002634971,5.484188232391128,0.0035071716032261096,0.004650145517703502,4.334007353102032,286.66231564336306,388.33573086662125
250,4,dgi,286.66231564336306,62.159142849042446,1.2585609105011029,1.2623100101656362e-05,0.0007562761596909077,0.07573381524029796,286.66231564336306,388.33573086662125
250,4,dpfi,286.66231564336306,83.77920773748583,5.358724329430006,0.0035071895647062084,0.0046129824795982525,4.3296106675066905,286.66231564336306,388.33573086662125
250,5,dgi,286.66231564336306,60.67947490249995,1.2048059831759037,1.2623099753644987e-05,0.0007249368564844133,0.07262106402668028,286.66231564336306,388.33573086662125
250,5,dpfi,286.66231564336306,82.01715226799249,5.233483662598649,0.0035071800638415084,0.004576117624299092,4.325326229411029,286.66231564336306,388.33573086662125
250,6,dgi,286.66231564336306,59.20061120921807,1.1522960450375648,1.2623099625761477e-05,0.0006944109985525258,0.0696158141257911,286.66231564336306,388.33573086662125
250,6,dpfi,286.66231564336306,80.24889098786758,5.108466874593267,0.0035071885746204407,0.004539563518054182,4.32115359970091,286.66231564336306,388.33573086662125
250,7,dgi,286.66231564336306,57.7223696074484,1.1010132362633283,1.2623099795395569e-05,0.000664677679232499,0.06671520798160824,286.66231564336306,388.33573086662125
250,7,dpfi,286.66231564336306,78.4742495598758,4.983662368265045,0.003507187667925088,0.0045033277773725055,4.317091985895268,286.66231564336306,388.33573086662125
250,8,dgi,286.66231564336306,56.244768312841494,1.0509474531277954,1.2623099080497053e-05,0.0006357207314306965,0.06391688846876036,286.66231564336306,388.33573086662125
250,8,dpfi,286.66231564336306,76.69330060038664,4.859075734404663,0.003507193296732448,0.004467422896852579,4.313141166841523,286.66231564336306,388.33573086662125
250,9,dgi,286.66231564336306,54.76764662698615,1.0020831854227839,1.262309985859842e-05,0.0006075211309356367,0.06121824809352455,286.66231564336306,388.33573086662125
250,9,dpfi,286.66231564336306,74.90590945557169,4.734697775416378,0.0035071927324877863,0.00443185706158654,4.3093004425586106,286.66231564336306,388.33573086662125
250,10,dgi,286.66231564336306,53.2913190590156,0.9544281216021332,1.2623107137231542e-05,0.0005800770726853799,0.0586176505936013,286.66231564336306,388.33573086662125
250,10,dpfi,286.66231564336306,73.11239149994988,4.6105546451634645,0.0035072025023300583,0.004396659572232898,4.305569815135922,286.66231564336306,388.33573086662125
250,11,dgi,286.66231564336306,51.816250915003096,0.9079917868506461,1.262311692228878e-05,0.0005533868694543358,0.0561136651599706,286.66231564336306,388.33573086662125
250,11,dpfi,286.66231564336306,71.31328801924687,4.486685789720187,0.003507197395391899,0.0043618603773184295,4.301949688572929,286.66231564336306,388.33573086662125
250,12,dgi,286.66231564336306,50.3423264691699,0.8627594772127986,1.2623129116374023e-05,0.0005274322948889324,0.05370384781841746,286.66231564336306,388.33573086662125
250,12,dpfi,286.66231564336306,69.50854845135628,4.363085622550696,0.0035072078711229767,0.004327467989830839,4.298439365650665,286.66231564336306,388.33573086662125
250,13,dgi,286.66231564336306,48.869311539343904,0.8187138877504244,1.2623143681781236e-05,0.0005021939078076993,0.05138567434901717,286.66231564336306,388.33573086662125
250,13,dpfi,286.66231564336306,67.6979867432094,4.239739125606241,0.003507207641689208,0.0042934883218800676,4.295037905892492,286.66231564336306,388.33573086662125
250,14,dgi,286.66231564336306,47.39720426319334,0.775845602675895,1.2623160931532197e-05,0.0004776570153635082,0.04915709158862065,286.66231564336306,388.33573086662125
250,14,dpfi,286.66231564336306,65.8817139874139,4.1166513095945145,0.0035072078807837654,0.004259932767868199,4.291744938614576,286.66231564336306,388.33573086662125
250,15,dgi,286.66231564336306,45.92645298981182,0.734163724922622,1.2623180582628182e-05,0.0004538208058396256,0.0470167570685078,286.66231564336306,388.33573086662125
250,15,dpfi,286.66231564336306,64.06028683270037,3.9938599580946743,0.003507212100250413,0.004226831267779115,4.288560600872294,286.66231564336306,388.33573086662125
275,1,dgi,315.3285472076994,69.99647927243645,1.4273230827148098,1.0489948158432553e-05,0.000776502417568277,0.07675337446697543,315.3285472076994,421.95625326704015
275,1,dpfi,315.3285472076994,93.40112478440516,5.735650618194912,0.0031863591981683816,0.0042930004048756815,3.9458611213898207,315.3285472076994,421.95625326704015
275,2,dgi,315.3285472076994,68.28877263612534,1.3641439950235799,1.0489948350174803e-05,0.0007427104836309335,0.073310915648853,315.3285472076994,421.95625326704015
275,2,dpfi,315.3285472076994,91.38984596948815,5.597260733023588,0.0031863751644270275,0.004255368334264066,3.941249738653342,315.3285472076994,421.95625326704015
275,3,dgi,315.3285472076994,66.58140080111846,1.3024711624652219,1.0489948966188627e-05,0.0007098405609832245,0.06999350202487421,315.3285472076994,421.95625326704015
275,3,dpfi,315.3285472076994,89.3700260602041,5.459080266502663,0.0031863629585705995,0.004218005495696643,3.936761193407406,315.3285472076994,421.95625326704015
275,4,dgi,315.3285472076994,64.8745659585671,1.2423028100129725,1.0489949116543815e-05,0.000677881022248696,0.0667984423703131,315.3285472076994,421.95625326704015
275,4,dpfi,315.3285472076994,87.34184454349067,5.321128311538607,0.003186384608175192,0.004180937772328125,3.9323954641639562,315.3285472076994,421.95625326704015
275,5,dgi,315.3285472076994,63.168834087501956,1.1836535524876366,1.0489948676252417e-05,0.0006468309993676927,0.06372375042720071,315.3285472076994,421.95625326704015
275,5,dpfi,315.3285472076994,85.30584696728529,5.183450529981038,0.0031863689923379416,0.004144203703510261,3.928153077684115,315.3285472076994,421.95625326704015
275,6,dgi,315.3285472076994,61.46402913243819,1.126501704201987,1.0489947804488706e-05,0.0006166662060665475,0.060766014163192904,315.3285472076994,421.95625326704015
275,6,dpfi,315.3285472076994,83.26187154644877,5.046037279499544,0.003186387221062746,0.004107814443859014,3.9240332256862533,315.3285472076994,421.95625326704015
275,7,dgi,315.3285472076994,59.7600420371658,1.0708286933709161,1.0489947677148168e-05,0.0005873642030183762,0.057922080637241205,315.3285472076994,421.95625326704015
275,7,dpfi,315.3285472076994,81.20984985984613,4.908884759363959,0.0031863758199763333,0.0040717821662328135,3.9200353063884403,315.3285472076994,421.95625326704015
275,8,dgi,315.3285472076994,58.05676336740514,1.0166170498892297,1.0489947026053342e-05,0.0005589035048567358,0.05518892698221049,315.3285472076994,421.95625326704015
275,8,dpfi,315.3285472076994,79.1497229371125,4.77198948871937,0.003186385380872167,0.0040361190895765444,3.9161587275852607,315.3285472076994,421.95625326704015
275,9,dgi,315.3285472076994,56.35428065772092,0.9638611467167729,1.048995315499962e-05,0.0005312713411746483,0.0525639787500116,315.3285472076994,421.95625326704015
275,9,dpfi,315.3285472076994,77.08159292366847,4.635361162466344,0.0031863859976862183,0.004000847454982066,3.9124030307220368,315.3285472076994,421.95625326704015
275,10,dgi,315.3285472076994,54.65336665604191,0.912580988846339,1.0489962570045676e-05,0.0005044709072145962,0.05004573188582012,315.3285472076994,421.95625326704015
275,10,dpfi,315.3285472076994,75.0063039429821,4.4990604319253125,0.003186385542528513,0.00396600990866198,3.9087688197174506,315.3285472076994,421.95625326704015
275,11,dgi,315.3285472076994,52.953937940547966,0.8627594772127986,1.0489974644923503e-05,0.00047848152467699207,0.04763133028591433,315.3285472076994,421.95625326704015
275,11,dpfi,315.3285472076994,72.92386897675941,4.363085622550696,0.003186394806925409,0.003931618636975326,3.905255394082839,315.3285472076994,421.95625326704015
275,12,dgi,315.3285472076994,51.25569504739747,0.8143742410227778,1.048998933210126e-05,0.0004532800228423368,0.0453177469698117,315.3285472076994,421.95625326704015
275,12,dpfi,315.3285472076994,70.83405684996347,4.227418636584331,0.0031863971194726476,0.00389768131256857,3.90186166231873,315.3285472076994,421.95625326704015
275,13,dgi,315.3285472076994,49.55862812978012,0.7674126112914681,1.0490007165064155e-05,0.00042884863950688344,0.04310248789059451,315.3285472076994,421.95625326704015
275,13,dpfi,315.3285472076994,68.73700902819351,4.092065290610603,0.00318639698045723,0.003864211704615431,3.898587146232901,315.3285472076994,421.95625326704015
275,14,dgi,315.3285472076994,47.86347728477648,0.7218914604056185,1.0490026713128537e-05,0.000405189758253118,0.0409840720346975,315.3285472076994,421.95625326704015
275,14,dpfi,315.3285472076994,66.63360639438537,3.9570833757517194,0.003186399884396108,0.0038312506411463366,3.895432080973234,315.3285472076994,421.95625326704015
275,15,dgi,315.3285472076994,46.17069092517647,0.6778139457143806,1.0490045762957839e-05,0.0003822968167052779,0.03896056902683082,315.3285472076994,421.95625326704015
275,15,dpfi,315.3285472076994,64.5244716861536,3.8225097557330674,0.0031864039627255165,0.003798827113615843,3.8923962578560314,315.3285472076994,421.95625326704015
300,1,dgi,343.9947787720357,73.23690567877071,1.4273230827148098,8.862899001508891e-06,0.0007110105744934678,0.06944699172837825,343.9947787720357,455.35658567095993
300,1,dpfi,343.9947787720357,97.57965533466886,5.735650618194912,0.0029193202096821414,0.0039332110007949455,3.6151723560429305,343.9947787720357,455.35658567095993
300,2,dgi,343.9947787720357,71.29211892845954,1.3584751042651313,8.862899026364593e-06,0.000677263198356676,0.06601039162408175,343.9947787720357,455.35658567095993
300,2,dpfi,343.9947787720357,95.2869162499067,5.584689530559395,0.00291933174810184,0.0038956104699871407,3.610569113814377,343.9947787720357,455.35658567095993
300,3,dgi,343.9947787720357,69.34776750010387,1.2914185251203536,8.862899176261968e-06,0.0006445195872273832,0.06270990459567062,343.9947787720357,455.35658567095993
300,3,dpfi,343.9947787720357,92.98357763722898,5.43397930756041,0.0029193255908621383,0.0038583051996043407,3.6060998168769114,343.9947787720357,455.35658567095993
300,4,dgi,343.9947787720357,67.40424512536453,1.2261576322772256,8.862899019110461e-06,0.0006127702399108506,0.05954254951453607,343.9947787720357,455.35658567095993
300,4,dpfi,343.9947787720357,90.66998217072738,5.283552672765218,0.00291933516944661,0.0038213309422363076,3.6017645508172063,343.9947787720357,455.35658567095993
300,5,dgi,343.9947787720357,65.46208686728546,1.1626992375751781,8.86289865917607e-06,0.0005820066131266649,0.056505543922359555,343.9947787720357,455.35658567095993
300,5,dpfi,343.9947787720357,88.34666506793467,5.1334526802628275,0.0029193334782652686,0.003784724941727373,3.5975636152193005,343.9947787720357,455.35658567095993
300,6,dgi,343.9947787720357,63.5209955810176,1.1010132362633285,8.862898846643548e-06,0.0005521988171360403,0.053594783136442434,343.9947787720357,455.35658567095993
300,6,dpfi,343.9947787720357,86.01334376448034,4.983662368265045,0.002919335802547059,0.003748498844336609,3.5934959464237997,343.9947787720357,455.35658567095993
300,7,dgi,343.9947787720357,61.58091070071663,1.0410788099119084,8.862898133960201e-06,0.0005233219503019264,0.05080670608951751,343.9947787720357,455.35658567095993
300,7,dpfi,343.9947787720357,83.67003089860964,4.834183429093136,0.0029193460510920275,0.0037126687549729185,3.5895610091897083,343.9947787720357,455.35658567095993
300,8,dgi,343.9947787720357,59.64168505472721,0.9828752036362192,8.862901068754312e-06,0.0004953521680810397,0.04813778776477039,343.9947787720357,455.35658567095993
300,8,dpfi,343.9947787720357,81.31662443847958,4.685010534108813,0.0029193399113895476,0.0036772507729745216,3.5857580113892,343.9947787720357,455.35658567095993
300,9,dgi,343.9947787720357,57.704079753722446,0.9264210094595775,8.862909612452598e-06,0.0004682898163720275,0.045585882356367555,343.9947787720357,455.35658567095993
300,9,dpfi,343.9947787720357,78.95390951674942,4.536200730863073,0.002919346039681683,0.0036422909565362632,3.5820871718854077,343.9947787720357,455.35658567095993
300,10,dgi,343.9947787720357,55.76843401875415,0.8717102532563799,8.862921090671557e-06,0.0004421192589259303,0.04314818373295895,343.9947787720357,455.35658567095993
300,10,dpfi,343.9947787720357,76.58238227202062,4.387784307393956,0.0029193561900093443,0.0036078154534711446,3.578548353415238,343.9947787720357,455.35658567095993
300,11,dgi,343.9947787720357,53.83436666533775,0.8187138877504244,8.862935418631604e-06,0.0004168128031732423,0.040821069415019146,343.9947787720357,455.35658567095993
300,11,dpfi,343.9947787720357,74.20175105628273,4.239739125606241,0.0029193531536406718,0.003573833613200487,3.5751402765351266,343.9947787720357,455.35658567095993
300,12,dgi,343.9947787720357,51.901772883505004,0.7674126112914681,8.862953090921194e-06,0.0003923478896158176,0.038601436127880334,343.9947787720357,455.35658567095993
300,12,dpfi,343.9947787720357,71.8120869741261,4.092065290610603,0.002919354793463562,0.0035403600760936004,3.5718622011097656,343.9947787720357,455.35658567095993
300,13,dgi,343.9947787720357,49.97156572048217,0.7178248606449921,8.862972615827262e-06,0.0003687251597589023,0.0364874193340082,343.9947787720357,455.35658567095993
300,13,dpfi,343.9947787720357,69.41450200596029,3.944832096042053,0.0029193584268572014,0.0035074404308067086,3.5687143399130408,343.9947787720357,455.35658567095993
300,14,dgi,343.9947787720357,48.04432742636852,0.6699537674629656,8.862991601481205e-06,0.000345936198051077,0.034476700136855075,343.9947787720357,455.35658567095993
300,14,dpfi,343.9947787720357,67.00982204420495,3.7980859702512526,0.002919363817593735,0.0034751082718467528,3.565696431670907,343.9947787720357,455.35658567095993
300,15,dgi,343.9947787720357,46.119884715640104,0.623776612690324,8.86301011613089e-06,0.00032395756488850196,0.03256620875714295,343.9947787720357,455.35658567095993
300,15,dpfi,343.9947787720357,64.59812824923424,3.6518222086738263,0.0029193651308077047,0.003443375519327168,3.562807389378952,343.9947787720357,455.35658567095993
325,1,dgi,372.661010336372,76.34206040903172,1.4273230827148098,7.593083936474686e-06,0.0006557056386293327,0.06339393672940183,372.661010336372,488.5637125141443
325,1,dpfi,372.661010336372,101.58647802148228,5.735650618194912,0.0026935784462135065,0.0036290634274496257,3.335623922202342,372.661010336372,488.5637125141443
325,2,dgi,372.661010336372,74.15019460327142,1.3528188377715378,7.593083878089301e-06,0.0006220024569790704,0.05996317493118285,372.661010336372,488.5637125141443
325,2,dpfi,372.661010336372,99.00018191190985,5.57212053506123,0.002693586670480953,0.0035914915452934858,3.3310284350827386,372.661010336372,488.5637125141443
325,3,dgi,372.661010336372,71.95887827631263,1.2804158382959205,7.593083834232745e-06,0.0005893847478963799,0.05667954210794719,372.661010336372,488.5637125141443
325,3,dpfi,372.661010336372,96.40094783579684,5.408886273049675,0.0026935863852714102,0.003554241532934965,3.3265779758554146,372.661010336372,488.5637125141443
325,4,dgi,372.661010336372,69.7687560285402,1.2101252136242315,7.593083712811897e-06,0.0005578445817027764,0.053539733212453755,372.661010336372,488.5637125141443
325,4,dpfi,372.661010336372,93.78934528411926,5.245997612800263,0.002693587660174149,0.0035173590717476814,3.3222727758501787,372.661010336372,488.5637125141443
325,5,dgi,372.661010336372,67.5802498471925,1.1419420580404982,7.5930839652763305e-06,0.0005273644021570208,0.05054004533380273,372.661010336372,488.5637125141443
325,5,dpfi,372.661010336372,91.16581875210977,5.083489818045482,0.0026935991748017513,0.0034808790872368723,3.3181128073627075,372.661010336372,488.5637125141443
325,6,dgi,372.661010336372,65.39298412937707,1.0758292314449815,7.593083401163698e-06,0.0004979098388598508,0.047675746473184344,372.661010336372,488.5637125141443
325,6,dpfi,372.661010336372,88.53001376138309,4.921342458097636,0.002693591687403948,0.003444815529242013,3.3140968591249966,372.661010336372,488.5637125141443
325,7,dgi,372.661010336372,63.20686730184897,1.0117604634279198,7.593083118783494e-06,0.00046945192354761644,0.044942711163428684,372.661010336372,488.5637125141443
325,7,dpfi,372.661010336372,85.88193613697914,4.759556765914377,0.002693598504438668,0.0034091869678362957,3.310224282588411,372.661010336372,488.5637125141443
325,8,dgi,372.661010336372,61.022162342856724,0.9497299040997033,7.593090108412215e-06,0.0004419746656309046,0.042337453795185914,372.661010336372,488.5637125141443
325,8,dpfi,372.661010336372,83.22187469606374,4.598155524860258,0.0026936075797890286,0.0033740268785098703,3.3064945534574846,372.661010336372,488.5637125141443
325,9,dgi,372.661010336372,58.83987903063905,0.8897551036668898,7.593100501031814e-06,0.0004154740025396672,0.039857396794242654,372.661010336372,488.5637125141443
325,9,dpfi,372.661010336372,80.550981243961,4.437213623017809,0.002693603856244067,0.0033393840004408157,3.302908075704491,372.661010336372,488.5637125141443
325,10,dgi,372.661010336372,56.6596896818474,0.8318031096269047,7.593113997042423e-06,0.0003899190563221522,0.03749840572979178,372.661010336372,488.5637125141443
325,10,dpfi,372.661010336372,77.86906444566598,4.276714972345754,0.0026936053198402593,0.003305272107071708,3.299463601599096,372.661010336372,488.5637125141443
325,11,dgi,372.661010336372,54.4813512628775,0.775845602675895,7.593130821319473e-06,0.00036528146169755553,0.035256662563329905,372.661010336372,488.5637125141443
325,11,dpfi,372.661010336372,75.17607659201776,4.1166513095945145,0.002693608640359958,0.0032717063337096655,3.2961600868487064,372.661010336372,488.5637125141443
325,12,dgi,372.661010336372,52.305651677269445,0.7218914604056185,7.593150405832831e-06,0.0003415537808891612,0.03312954912854134,372.661010336372,488.5637125141443
325,12,dpfi,372.661010336372,72.47306065429828,3.9570833757517194,0.002693612708701864,0.0032387290420104195,3.2929974323276983,372.661010336372,488.5637125141443
325,13,dgi,372.661010336372,50.13360209833757,0.6699537674629656,7.593169413372211e-06,0.0003187311950952212,0.031114601640061704,372.661010336372,488.5637125141443
325,13,dpfi,372.661010336372,69.76134262223603,3.7980859702512526,0.002693618698630424,0.003206386483378866,3.2899755634906045,372.661010336372,488.5637125141443
325,14,dgi,372.661010336372,47.96500335717932,0.6200042719954788,7.593187912180754e-06,0.0002967864730903493,0.029208237508863477,372.661010336372,488.5637125141443
325,14,dpfi,372.661010336372,67.04106280403721,3.6396551033357794,0.00269362013899082,0.0031746930982895012,3.287093243701256,372.661010336372,488.5637125141443
325,15,dgi,372.661010336372,45.79957060297363,0.5720164932610297,7.59320619515679e-06,0.00027569438662823517,0.027406989649949098,372.661010336372,488.5637125141443
325,15,dpfi,372.661010336372,64.31226552838308,3.4817809747357424,0.002693624721740867,0.00314366431529781,3.284349079220985,372.661010336372,488.5637125141443
350,1,dgi,401.3272419007083,79.32749768182173,1.4273230827148098,6.582678134240629e-06,0.0006083825669880361,0.058299917375772205,401.3272419007083,521.5995192900781
350,1,dpfi,401.3272419007083,105.4411652372461,5.735650618194912,0.002500241860336412,0.0033685768079770475,3.0962044205827017,401.3272419007083,521.5995192900781
350,2,dgi,401.3272419007083,76.87894283074527,1.3471750441265002,6.582678059730934e-06,0.0005747232372783801,0.0548749695681776,401.3272419007083,521.5995192900781
350,2,dpfi,401.3272419007083,102.54967590539293,5.55955340575928,0.0025002476363994506,0.0033310312594628925,3.091616376573415,401.3272419007083,521.5995192900781
350,3,dgi,401.3272419007083,74.43106573363958,1.269462958992274,6.582678022362677e-06,0.0005422311148854167,0.051608116549369816,401.3272419007083,521.5995192900781
350,3,dpfi,401.3272419007083,99.64261306236929,5.383800347593962,0.0025002530391293105,0.003293834855824535,3.087184409243084,401.3272419007083,521.5995192900781
350,4,dgi,401.3272419007083,71.98483160709276,1.1942049206182976,6.582678228191428e-06,0.0005108988982493593,0.04849569443333593,401.3272419007083,521.5995192900781
350,4,dpfi,401.3272419007083,96.72086601435608,5.208462622089894,0.002500248858254972,0.0032570428148249197,3.082908975558604,401.3272419007083,521.5995192900781
350,5,dgi,401.3272419007083,69.54039730009394,1.121379451710949,6.582677749475662e-06,0.00048069881861231443,0.045532908309472625,401.3272419007083,521.5995192900781
350,5,dpfi,401.3272419007083,93.78460702343898,5.033557611549794,0.0025002605835497604,0.0032206868072380775,3.0787894952412076,401.3272419007083,521.5995192900781
350,6,dgi,401.3272419007083,67.09750059931511,1.0509474531277954,6.5826774908571075e-06,0.0004515942232412966,0.042714609225801836,401.3272419007083,521.5995192900781
350,6,dpfi,401.3272419007083,90.83364731945568,4.859075734404664,0.002500260047086476,0.003184786250350135,3.0748249451497616,401.3272419007083,521.5995192900781
350,7,dgi,401.3272419007083,64.65592332879977,0.982875203636219,6.582679906165276e-06,0.0004235518700027558,0.040035971710408014,401.3272419007083,521.5995192900781
350,7,dpfi,401.3272419007083,87.86785129779538,4.685010534108813,0.002500258598571522,0.003149362487610787,3.071014330472138,401.3272419007083,521.5995192900781
350,8,dgi,401.3272419007083,62.21673502049942,0.9171822241737606,6.582688697557863e-06,0.0003965668866025113,0.03749379363622749,401.3272419007083,521.5995192900781
350,8,dpfi,401.3272419007083,84.88834603058335,4.511437770004765,0.0025002623155939633,0.0031144714784151384,3.0673577567390007,401.3272419007083,521.5995192900781
350,9,dgi,401.3272419007083,59.78038024867875,0.8538555090969167,6.582700889782955e-06,0.0003706166703930198,0.03508412831973037,401.3272419007083,521.5995192900781
350,9,dpfi,401.3272419007083,81.89580520117819,4.338395220662315,0.002500266825452314,0.0030801468447135836,3.0638548209937424,401.3272419007083,521.5995192900781
350,10,dgi,401.3272419007083,57.34635955103785,0.7928532760322975,6.5827164531712344e-06,0.00034566542955247567,0.03280224533672813,401.3272419007083,521.5995192900781
350,10,dpfi,401.3272419007083,78.88991149729222,4.1658581144993,0.0025002700946199137,0.0030464032699544074,3.060504002318404,401.3272419007083,521.5995192900781
350,11,dgi,401.3272419007083,54.91503044345565,0.734163724922622,6.582735706665065e-06,0.00032169252173128615,0.030644463109128654,401.3272419007083,521.5995192900781
350,11,dpfi,401.3272419007083,75.87132692811286,3.9938599580946748,0.0025002725439831654,0.0030132738078456137,3.0573046827175574,401.3272419007083,521.5995192900781
350,12,dgi,401.3272419007083,52.48795467753243,0.6778139457143807,6.582754823510504e-06,0.00029869800960256,0.028608188515656774,401.3272419007083,521.5995192900781
350,12,dpfi,401.3272419007083,72.84198531611896,3.8225097557330674,0.0025002768536309928,0.002980819631812495,3.0542570023303286,401.3272419007083,521.5995192900781
350,13,dgi,401.3272419007083,50.06517659517378,0.623776612690324,6.582773375345205e-06,0.00027665395448158033,0.02668948906656958,401.3272419007083,521.5995192900781
350,13,dpfi,401.3272419007083,69.80239643612657,3.6518222086738263,0.0025002801020426197,0.002949062900559434,3.051359838556542,401.3272419007083,521.5995192900781
350,14,dgi,401.3272419007083,47.646268560299816,0.5720164932610297,6.582791660159728e-06,0.0002555299680088353,0.02488426689184863,401.3272419007083,521.5995192900781
350,14,dpfi,401.3272419007083,66.75254701192611,3.4817809747357424,0.0025002846980526692,0.0029180201429256777,3.048611513454749,401.3272419007083,521.5995192900781
350,15,dgi,401.3272419007083,45.233209572203265,0.5225653484122355,6.582808704164406e-06,0.00023533011783196032,0.02319028118462895,401.3272419007083,521.5995192900781
350,15,dpfi,401.3272419007083,63.69505756956103,3.31252221164567,0.0025003034742906785,0.0028877569898735802,3.0460120267724506,401.3272419007083,521.5995192900781
375,1,dgi,429.99347346504464,82.2060096481077,1.4273230827148098,5.765238414924908e-06,0.0005674298370264574,0.053955521351261304,429.99347346504464,554.4820474176031
375,1,dpfi,429.99347346504464,109.15983181587876,5.735650618194912,0.0023328002304079604,0.003142979508835626,2.8888519556276586,429.99347346504464,554.4820474176031
375,2,dgi,429.99347346504464,79.49150466745449,1.3415436851551439,5.7652383740978644e-06,0.0005338140639007619,0.050536364867226,429.99347346504464,554.4820474176031
375,2,dpfi,429.99347346504464,105.95192550777189,5.546988051981991,0.002332804209986277,0.0031054584392267892,2.8842711021395084,429.99347346504464,554.4820474176031
375,3,dgi,429.99347346504464,76.7778622669293,1.258560910501103,5.7652384952064955e-06,0.0005014476120829305,0.047286267350937994,429.99347346504464,554.4820474176031
375,3,dpfi,429.99347346504464,102.72555320375535,5.358724329430006,0.002332815157058915,0.0030683148719069784,2.879857417945418,429.99347346504464,554.4820474176031
375,4,dgi,429.99347346504464,74.06631887314558,1.178396364140303,5.765238537574842e-06,0.00047032169967311073,0.044201024103435724,429.99347346504464,554.4820474176031
375,4,dpfi,429.99347346504464,99.4818715390694,5.170947632902286,0.0023328076971148777,0.0030316117866114665,2.875611437169709,429.99347346504464,554.4820474176031
375,5,dgi,429.99347346504464,71.35681425316598,1.1010132362633283,5.765238291032633e-06,0.00044039965459599856,0.04127484769723576,429.99347346504464,554.4820474176031
375,5,dpfi,429.99347346504464,96.22084315705972,4.983662368265045,0.0023328121721252378,0.0029953796326902386,2.871532190347903,429.99347346504464,554.4820474176031
375,6,dgi,429.99347346504464,68.64907801910026,1.0263659572265347,5.765237600933099e-06,0.0004116405668450596,0.038501971221353286,429.99347346504464,554.4820474176031
375,6,dpfi,429.99347346504464,92.94230643454163,4.796861020390609,0.0023328217246002883,0.0029596414119042193,2.867618603156725,429.99347346504464,554.4820474176031
375,7,dgi,429.99347346504464,65.9431564022193,0.9544281216021333,5.765243185589948e-06,0.0003840141942050563,0.03587727459124637,429.99347346504464,554.4820474176031
375,7,dpfi,429.99347346504464,89.64637224338631,4.6105546451634645,0.002332823519459558,0.0029244309073561915,2.8638697166170237,429.99347346504464,554.4820474176031
375,8,dgi,429.99347346504464,63.24063592790581,0.885226009696121,5.7652535760420965e-06,0.0003575151562347139,0.0333972676520617,429.99347346504464,554.4820474176031
375,8,dpfi,429.99347346504464,86.33481641628639,4.424852451075497,0.002332823646067763,0.0028898128237639198,2.8602859627883745,429.99347346504464,554.4820474176031
375,9,dgi,429.99347346504464,60.541135831695556,0.8187138877504244,5.765267548623082e-06,0.0003321045465387217,0.031056594831352532,429.99347346504464,554.4820474176031
375,9,dpfi,429.99347346504464,83.00747844871873,4.239739125606241,0.0023328266180322704,0.0028558082332007357,2.8568658385278756,429.99347346504464,554.4820474176031
375,10,dgi,429.99347346504464,57.844438864122566,0.754854004441494,5.765285633820889e-06,0.0003077473870037486,0.028850351267485648,429.99347346504464,554.4820474176031
375,10,dpfi,429.99347346504464,79.66446420035803,4.055212710799511,0.0023328320204606292,0.002822440708065386,2.853608096394353,429.99347346504464,554.4820474176031
375,11,dgi,429.99347346504464,55.15237143295496,0.6936760414979881,5.765304951955162e-06,0.000284441737058817,0.026775459150961328,429.99347346504464,554.4820474176031
375,11,dpfi,429.99347346504464,76.30804344686972,3.8713980020231795,0.0023328314344172496,0.0027897775595848843,2.8505128955851955,429.99347346504464,554.4820474176031
375,12,dgi,429.99347346504464,52.465504619498454,0.6351633148646536,5.7653236340541505e-06,0.00026216362538620885,0.02482777233516153,429.99347346504464,554.4820474176031
375,12,dpfi,429.99347346504464,72.9393393396932,3.6883432839976145,0.0023328363350805337,0.0027578558455452246,2.847579306555822,429.99347346504464,554.4820474176031
375,13,dgi,429.99347346504464,49.783292654120274,0.5792703369270084,5.765341960087521e-06,0.0002408766933941387,0.023002520518140626,429.99347346504464,554.4820474176031
375,13,dpfi,429.99347346504464,69.55833777833888,3.506028444025857,0.002332839510128206,0.0027266930293166174,2.844805452539269,429.99347346504464,554.4820474176031
375,14,dgi,429.99347346504464,47.10764140742915,0.5260208623688342,5.765359199031742e-06,0.0002205783507545096,0.021296738847086487,429.99347346504464,554.4820474176031
375,14,dpfi,429.99347346504464,66.16770608900669,3.324583962179818,0.00233285511221534,0.0026963538921450088,2.8421909624698904,429.99347346504464,554.4820474176031
375,15,dgi,429.99347346504464,44.43962318987322,0.47540832847471065,5.765373882629085e-06,0.00020125176539892645,0.019706828222280766,429.99347346504464,554.4820474176031
375,15,dpfi,429.99347346504464,62.769381558723154,3.144089945237961,0.002332922912995201,0.0026668822088298833,2.8397347368520873,429.99347346504464,554.4820474176031
400,1,dgi,458.6597050293809,84.9882667437899,1.4273230827148098,5.09434520470721e-06,0.0005316423575478544,0.05020781563443841,458.6597050293809,587.2263779312559
400,1,dpfi,458.6597050293809,112.75593408175776,5.735650618194912,0.0021863777306939257,0.0029457020492676977,2.7075285687431125,458.6597050293809,587.2263779312559
400,2,dgi,458.6597050293809,81.99886489825884,1.335924740555159,5.094345237724774e-06,0.0004980698809026075,0.04679443031099778,458.6597050293809,587.2263779312559
400,2,dpfi,458.6597050293809,109.22075851485408,5.53442447986425,0.002186380431513346,0.002908203950414244,2.702954700846056,458.6597050293809,587.2263779312559
400,3,dgi,458.6597050293809,79.0105660366468,1.2477094823713066,5.094345628821648e-06,0.0004658290788000148,0.04356105134506412,458.6597050293809,587.2263779312559
400,3,dpfi,458.6597050293809,105.66395378106265,5.333657854960005,0.0021863960657151167,0.0028711126308327765,2.698559118645948,458.6597050293809,587.2263779312559
400,4,dgi,458.6597050293809,76.02483701449565,1.1626992375751781,5.094344947957594e-06,0.0004349079700227114,0.040502794060482294,458.6597050293809,587.2263779312559
400,4,dpfi,458.6597050293809,102.08690495993638,5.1334526802628275,0.0021863877361018957,0.0028344974960989922,2.6943423407495377,458.6597050293809,587.2263779312559
400,5,dgi,458.6597050293809,73.04140915734469,1.0808417904725431,5.094344728399362e-06,0.0004052615498252646,0.0376129054540707,458.6597050293809,587.2263779312559
400,5,dpfi,458.6597050293809,98.48938012694438,4.933802135827888,0.002186387939304141,0.0027983889284489806,2.6903030713344487,458.6597050293809,587.2263779312559
400,6,dgi,458.6597050293809,70.05995608380888,1.0020831854227839,5.094345128059983e-06,0.00037684403586844194,0.034884921922386763,458.6597050293809,587.2263779312559
400,6,dpfi,458.6597050293809,94.87119305222342,4.734697775416378,0.0021863921064838336,0.002762813242767957,2.6864401066297914,458.6597050293809,587.2263779312559
400,7,dgi,458.6597050293809,67.08132852407653,0.9264210094595775,5.09435316291499e-06,0.000349634644252871,0.03231381438357113,458.6597050293809,587.2263779312559
400,7,dpfi,458.6597050293809,91.23327381389852,4.536200730863073,0.002186396454243566,0.0027278255994371173,2.682752944105829,458.6597050293809,587.2263779312559
400,8,dgi,458.6597050293809,64.10671889365761,0.8538555090969168,5.094365115806746e-06,0.0003236129572011959,0.029894870803087437,458.6597050293809,587.2263779312559
400,8,dpfi,458.6597050293809,87.57711058487202,4.338395220662315,0.002186399313731846,0.0026934814321293516,2.6792414042269144,458.6597050293809,587.2263779312559
400,9,dgi,458.6597050293809,61.135434771933255,0.7843261165337836,5.094380959006897e-06,0.0002987328400814505,0.027621959677056284,458.6597050293809,587.2263779312559
400,9,dpfi,458.6597050293809,83.90229429257342,4.141249690593419,0.002186401598331687,0.002659800918982897,2.6759035994777096,458.6597050293809,587.2263779312559
400,10,dgi,458.6597050293809,58.16836690151606,0.7178248606449921,5.0944004154459936e-06,0.00027497178568241794,0.025490499711319566,458.6597050293809,587.2263779312559
400,10,dpfi,458.6597050293809,80.21019410356301,3.9448320960420524,0.002186406276720427,0.002626833282638298,2.6727388962963428,458.6597050293809,587.2263779312559
400,11,dgi,458.6597050293809,55.20753594158109,0.6543743076877262,5.094419318866517e-06,0.00025232158182493693,0.023496733094598515,458.6597050293809,587.2263779312559
400,11,dpfi,458.6597050293809,76.50348569086115,3.749278225480814,0.0021864090122710013,0.002594647044957253,2.6697471817213145,458.6597050293809,587.2263779312559
400,12,dgi,458.6597050293809,52.25250144628097,0.5939220866754932,5.094437675176296e-06,0.00023074142376303198,0.021635260943069015,458.6597050293809,587.2263779312559
400,12,dpfi,458.6597050293809,72.78240769945438,3.554577820055398,0.002186413576636905,0.0025632640755447736,2.6669265317542084,458.6597050293809,587.2263779312559
400,13,dgi,458.6597050293809,49.304084773734395,0.5364578613759109,5.09445535244532e-06,0.00021021115081178984,0.01990174471862634,458.6597050293809,587.2263779312559
400,13,dpfi,458.6597050293809,69.04854906647286,3.360794874075706,0.0021864228634392636,0.002532733304688315,2.6642755676133905,458.6597050293809,587.2263779312559
400,14,dgi,458.6597050293809,46.36489973013205,0.4820067768264584,5.094471032823893e-06,0.0001907256869950831,0.018292862908737877,458.6597050293809,587.2263779312559
400,14,dpfi,458.6597050293809,65.30572752192452,3.168104267206488,0.0021864813792994904,0.00250312529100956,2.6617939400526254,458.6597050293809,587.2263779312559
400,15,dgi,458.6597050293809,43.43441589537636,0.43051533028524747,5.094473216750629e-06,0.00017224681565832002,0.01680358071600816,458.6597050293809,587.2263779312559
400,15,dpfi,458.6597050293809,61.554429073374685,2.976493142691623,0.0021866087029644775,0.002474459827543705,2.6594791765227956,458.6597050293809,587.2263779312559
